ENCSR039ZVQ	https://mitra.stanford.edu/kundaje/anusri/chromatin_atlas_failed/ENCSR039ZVQ/chrombpnet_model_feb15_fold_0/bias_model/evaluation/ENCSR039ZVQ_overall_report.html	https://mitra.stanford.edu/kundaje/anusri/chromatin_atlas_failed/ENCSR039ZVQ/chrombpnet_model_feb15_fold_0/chrombpnet_model/evaluation/ENCSR039ZVQ_overall_report.html	stage1_bias_models_thresh_0.8.txt
ENCSR674JIL	https://mitra.stanford.edu/kundaje/anusri/chromatin_atlas_failed/ENCSR674JIL/chrombpnet_model_feb15_fold_0/bias_model/evaluation/ENCSR674JIL_overall_report.html	https://mitra.stanford.edu/kundaje/anusri/chromatin_atlas_failed/ENCSR674JIL/chrombpnet_model_feb15_fold_0/chrombpnet_model/evaluation/ENCSR674JIL_overall_report.html	stage1_bias_models_thresh_0.8.txt
ENCSR842VTJ	https://mitra.stanford.edu/kundaje/anusri/chromatin_atlas_failed/ENCSR842VTJ/chrombpnet_model_feb15_fold_0/bias_model/evaluation/ENCSR842VTJ_overall_report.html	https://mitra.stanford.edu/kundaje/anusri/chromatin_atlas_failed/ENCSR842VTJ/chrombpnet_model_feb15_fold_0/chrombpnet_model/evaluation/ENCSR842VTJ_overall_report.html	stage1_bias_models_thresh_0.8.txt
ENCSR891VOV	https://mitra.stanford.edu/kundaje/anusri/chromatin_atlas_failed/ENCSR891VOV/chrombpnet_model_feb15_fold_0/bias_model/evaluation/ENCSR891VOV_overall_report.html	https://mitra.stanford.edu/kundaje/anusri/chromatin_atlas_failed/ENCSR891VOV/chrombpnet_model_feb15_fold_0/chrombpnet_model/evaluation/ENCSR891VOV_overall_report.html	stage1_bias_models_thresh_0.8.txt
ENCSR262QJC	https://mitra.stanford.edu/kundaje/anusri/chromatin_atlas_failed/ENCSR262QJC/chrombpnet_model_feb15_fold_0/bias_model/evaluation/ENCSR262QJC_overall_report.html	https://mitra.stanford.edu/kundaje/anusri/chromatin_atlas_failed/ENCSR262QJC/chrombpnet_model_feb15_fold_0/chrombpnet_model/evaluation/ENCSR262QJC_overall_report.html	stage1_bias_models_thresh_0.8.txt
ENCSR914DOH	https://mitra.stanford.edu/kundaje/anusri/chromatin_atlas_failed/ENCSR914DOH/chrombpnet_model_feb15_fold_0/bias_model/evaluation/ENCSR914DOH_overall_report.html	https://mitra.stanford.edu/kundaje/anusri/chromatin_atlas_failed/ENCSR914DOH/chrombpnet_model_feb15_fold_0/chrombpnet_model/evaluation/ENCSR914DOH_overall_report.html	stage1_bias_models_thresh_0.8.txt
ENCSR082XEU	https://mitra.stanford.edu/kundaje/anusri/chromatin_atlas_failed/ENCSR082XEU/chrombpnet_model_feb15_fold_0/bias_model/evaluation/	https://mitra.stanford.edu/kundaje/anusri/chromatin_atlas_failed/ENCSR082XEU/chrombpnet_model_feb15_fold_0/chrombpnet_model/evaluation/ENCSR082XEU_overall_report.html	stage1_bias_models_thresh_0.8.txt
ENCSR735BIM	https://mitra.stanford.edu/kundaje/anusri/chromatin_atlas_failed/ENCSR735BIM/chrombpnet_model_feb15_fold_0/bias_model/evaluation/	https://mitra.stanford.edu/kundaje/anusri/chromatin_atlas_failed/ENCSR735BIM/chrombpnet_model_feb15_fold_0/chrombpnet_model/evaluation/ENCSR735BIM_overall_report.html	stage1_bias_models_thresh_0.8.txt
ENCSR800QGE	https://mitra.stanford.edu/kundaje/anusri/chromatin_atlas_failed/ENCSR800QGE/chrombpnet_model_feb15_fold_0/bias_model/evaluation/ENCSR800QGE_overall_report.html	https://mitra.stanford.edu/kundaje/anusri/chromatin_atlas_failed/ENCSR800QGE/chrombpnet_model_feb15_fold_0/chrombpnet_model/evaluation/ENCSR800QGE_overall_report.html	stage1_bias_models_thresh_0.8.txt
ENCSR937RVN	https://mitra.stanford.edu/kundaje/anusri/chromatin_atlas_failed/ENCSR937RVN/chrombpnet_model_feb15_fold_0/bias_model/evaluation/	https://mitra.stanford.edu/kundaje/anusri/chromatin_atlas_failed/ENCSR937RVN/chrombpnet_model_feb15_fold_0/chrombpnet_model/evaluation/ENCSR937RVN_overall_report.html	stage1_bias_models_thresh_0.8.txt
ENCSR106OKX	https://mitra.stanford.edu/kundaje/anusri/chromatin_atlas_failed/ENCSR106OKX/chrombpnet_model_feb15_fold_0/bias_model/evaluation/ENCSR106OKX_overall_report.html	https://mitra.stanford.edu/kundaje/anusri/chromatin_atlas_failed/ENCSR106OKX/chrombpnet_model_feb15_fold_0/chrombpnet_model/evaluation/ENCSR106OKX_overall_report.html	stage1_bias_models_thresh_0.8.txt
ENCSR016THC	https://mitra.stanford.edu/kundaje/anusri/chromatin_atlas_failed/ENCSR016THC/chrombpnet_model_feb15_fold_0/bias_model/evaluation/ENCSR016THC_overall_report.html	https://mitra.stanford.edu/kundaje/anusri/chromatin_atlas_failed/ENCSR016THC/chrombpnet_model_feb15_fold_0/chrombpnet_model/evaluation/ENCSR016THC_overall_report.html	stage1_bias_models_thresh_0.8.txt
ENCSR887BNC	https://mitra.stanford.edu/kundaje/anusri/chromatin_atlas_failed/ENCSR887BNC/chrombpnet_model_feb15_fold_0/bias_model/evaluation/ENCSR887BNC_overall_report.html	https://mitra.stanford.edu/kundaje/anusri/chromatin_atlas_failed/ENCSR887BNC/chrombpnet_model_feb15_fold_0/chrombpnet_model/evaluation/ENCSR887BNC_overall_report.html	stage1_bias_models_thresh_0.8.txt
ENCSR679IFH	https://mitra.stanford.edu/kundaje/anusri/chromatin_atlas_failed/ENCSR679IFH/chrombpnet_model_feb15_fold_0/bias_model/evaluation/	https://mitra.stanford.edu/kundaje/anusri/chromatin_atlas_failed/ENCSR679IFH/chrombpnet_model_feb15_fold_0/chrombpnet_model/evaluation/ENCSR679IFH_overall_report.html	stage1_bias_models_thresh_0.8.txt
ENCSR453EVC	https://mitra.stanford.edu/kundaje/anusri/chromatin_atlas_failed/ENCSR453EVC/chrombpnet_model_feb15_fold_0/bias_model/evaluation/ENCSR453EVC_overall_report.html	https://mitra.stanford.edu/kundaje/anusri/chromatin_atlas_failed/ENCSR453EVC/chrombpnet_model_feb15_fold_0/chrombpnet_model/evaluation/ENCSR453EVC_overall_report.html	stage1_bias_models_thresh_0.8.txt
ENCSR953JVX	https://mitra.stanford.edu/kundaje/anusri/chromatin_atlas_failed/ENCSR953JVX/chrombpnet_model_feb15_fold_0/bias_model/evaluation/ENCSR953JVX_overall_report.html	https://mitra.stanford.edu/kundaje/anusri/chromatin_atlas_failed/ENCSR953JVX/chrombpnet_model_feb15_fold_0/chrombpnet_model/evaluation/ENCSR953JVX_overall_report.html	stage1_bias_models_thresh_0.8.txt
ENCSR301RCD	https://mitra.stanford.edu/kundaje/anusri/chromatin_atlas_failed/ENCSR301RCD/chrombpnet_model_feb15_fold_0/bias_model/evaluation/ENCSR301RCD_overall_report.html	https://mitra.stanford.edu/kundaje/anusri/chromatin_atlas_failed/ENCSR301RCD/chrombpnet_model_feb15_fold_0/chrombpnet_model/evaluation/ENCSR301RCD_overall_report.html	stage1_bias_models_thresh_0.8.txt
ENCSR000EOG	https://mitra.stanford.edu/kundaje/anusri/chromatin_atlas_failed/ENCSR000EOG/chrombpnet_model_feb15_fold_0/bias_model/evaluation/ENCSR000EOG_overall_report.html	https://mitra.stanford.edu/kundaje/anusri/chromatin_atlas_failed/ENCSR000EOG/chrombpnet_model_feb15_fold_0/chrombpnet_model/evaluation/ENCSR000EOG_overall_report.html	stage1_bias_models_thresh_0.8.txt
ENCSR000EQA	https://mitra.stanford.edu/kundaje/anusri/chromatin_atlas_failed/ENCSR000EQA/chrombpnet_model_feb15_fold_0/bias_model/evaluation/ENCSR000EQA_overall_report.html	https://mitra.stanford.edu/kundaje/anusri/chromatin_atlas_failed/ENCSR000EQA/chrombpnet_model_feb15_fold_0/chrombpnet_model/evaluation/ENCSR000EQA_overall_report.html	stage1_bias_models_thresh_0.8.txt
ENCSR564TUY	https://mitra.stanford.edu/kundaje/anusri/chromatin_atlas_failed/ENCSR564TUY/chrombpnet_model_feb15_fold_0/bias_model/evaluation/ENCSR564TUY_overall_report.html	https://mitra.stanford.edu/kundaje/anusri/chromatin_atlas_failed/ENCSR564TUY/chrombpnet_model_feb15_fold_0/chrombpnet_model/evaluation/ENCSR564TUY_overall_report.html	stage1_bias_models_thresh_0.8.txt
ENCSR320PGJ	https://mitra.stanford.edu/kundaje/anusri/chromatin_atlas_failed/ENCSR320PGJ/chrombpnet_model_feb15_fold_0/bias_model/evaluation/ENCSR320PGJ_overall_report.html	https://mitra.stanford.edu/kundaje/anusri/chromatin_atlas_failed/ENCSR320PGJ/chrombpnet_model_feb15_fold_0/chrombpnet_model/evaluation/ENCSR320PGJ_overall_report.html	stage1_bias_models_thresh_0.8.txt
ENCSR281HBB	https://mitra.stanford.edu/kundaje/anusri/chromatin_atlas_failed/ENCSR281HBB/chrombpnet_model_feb15_fold_0/bias_model/evaluation/	https://mitra.stanford.edu/kundaje/anusri/chromatin_atlas_failed/ENCSR281HBB/chrombpnet_model_feb15_fold_0/chrombpnet_model/evaluation/ENCSR281HBB_overall_report.html	stage1_bias_models_thresh_0.8.txt
ENCSR627UDJ	https://mitra.stanford.edu/kundaje/anusri/chromatin_atlas_failed/ENCSR627UDJ/chrombpnet_model_feb15_fold_0/bias_model/evaluation/ENCSR627UDJ_overall_report.html	https://mitra.stanford.edu/kundaje/anusri/chromatin_atlas_failed/ENCSR627UDJ/chrombpnet_model_feb15_fold_0/chrombpnet_model/evaluation/ENCSR627UDJ_overall_report.html	stage1_bias_models_thresh_0.8.txt
ENCSR777USE	https://mitra.stanford.edu/kundaje/anusri/chromatin_atlas_failed/ENCSR777USE/chrombpnet_model_feb15_fold_0/bias_model/evaluation/ENCSR777USE_overall_report.html	https://mitra.stanford.edu/kundaje/anusri/chromatin_atlas_failed/ENCSR777USE/chrombpnet_model_feb15_fold_0/chrombpnet_model/evaluation/ENCSR777USE_overall_report.html	stage1_bias_models_thresh_0.8.txt
ENCSR565EBN	https://mitra.stanford.edu/kundaje/anusri/chromatin_atlas_failed/ENCSR565EBN/chrombpnet_model_feb15_fold_0/bias_model/evaluation/	https://mitra.stanford.edu/kundaje/anusri/chromatin_atlas_failed/ENCSR565EBN/chrombpnet_model_feb15_fold_0/chrombpnet_model/evaluation/ENCSR565EBN_overall_report.html	stage1_bias_models_thresh_0.8.txt
ENCSR214QEO	https://mitra.stanford.edu/kundaje/anusri/chromatin_atlas_failed/ENCSR214QEO/chrombpnet_model_feb15_fold_0/bias_model/evaluation/ENCSR214QEO_overall_report.html	https://mitra.stanford.edu/kundaje/anusri/chromatin_atlas_failed/ENCSR214QEO/chrombpnet_model_feb15_fold_0/chrombpnet_model/evaluation/ENCSR214QEO_overall_report.html	stage1_bias_models_thresh_0.8.txt
ENCSR974TXT	https://mitra.stanford.edu/kundaje/anusri/chromatin_atlas_failed/ENCSR974TXT/chrombpnet_model_feb15_fold_0/bias_model/evaluation/ENCSR974TXT_overall_report.html	https://mitra.stanford.edu/kundaje/anusri/chromatin_atlas_failed/ENCSR974TXT/chrombpnet_model_feb15_fold_0/chrombpnet_model/evaluation/ENCSR974TXT_overall_report.html	stage1_bias_models_thresh_0.8.txt
ENCSR184DFF	https://mitra.stanford.edu/kundaje/anusri/chromatin_atlas_failed/ENCSR184DFF/chrombpnet_model_feb15_fold_0/bias_model/evaluation/ENCSR184DFF_overall_report.html	https://mitra.stanford.edu/kundaje/anusri/chromatin_atlas_failed/ENCSR184DFF/chrombpnet_model_feb15_fold_0/chrombpnet_model/evaluation/ENCSR184DFF_overall_report.html	stage1_bias_models_thresh_0.8.txt
ENCSR666YVE	https://mitra.stanford.edu/kundaje/anusri/chromatin_atlas_failed/ENCSR666YVE/chrombpnet_model_feb15_fold_0/bias_model/evaluation/ENCSR666YVE_overall_report.html	https://mitra.stanford.edu/kundaje/anusri/chromatin_atlas_failed/ENCSR666YVE/chrombpnet_model_feb15_fold_0/chrombpnet_model/evaluation/ENCSR666YVE_overall_report.html	stage1_bias_models_thresh_0.8.txt
ENCSR320TUJ	https://mitra.stanford.edu/kundaje/anusri/chromatin_atlas_failed/ENCSR320TUJ/chrombpnet_model_feb15_fold_0/bias_model/evaluation/	https://mitra.stanford.edu/kundaje/anusri/chromatin_atlas_failed/ENCSR320TUJ/chrombpnet_model_feb15_fold_0/chrombpnet_model/evaluation/ENCSR320TUJ_overall_report.html	stage1_bias_models_thresh_0.8.txt
ENCSR060BFU	https://mitra.stanford.edu/kundaje/anusri/chromatin_atlas_failed/ENCSR060BFU/chrombpnet_model_feb15_fold_0/bias_model/evaluation/ENCSR060BFU_overall_report.html	https://mitra.stanford.edu/kundaje/anusri/chromatin_atlas_failed/ENCSR060BFU/chrombpnet_model_feb15_fold_0/chrombpnet_model/evaluation/ENCSR060BFU_overall_report.html	stage1_bias_models_thresh_0.8.txt
ENCSR154YPL	https://mitra.stanford.edu/kundaje/anusri/chromatin_atlas_failed/ENCSR154YPL/chrombpnet_model_feb15_fold_0/bias_model/evaluation/ENCSR154YPL_overall_report.html	https://mitra.stanford.edu/kundaje/anusri/chromatin_atlas_failed/ENCSR154YPL/chrombpnet_model_feb15_fold_0/chrombpnet_model/evaluation/ENCSR154YPL_overall_report.html	stage1_bias_models_thresh_0.8.txt
ENCSR495INQ	https://mitra.stanford.edu/kundaje/anusri/chromatin_atlas_failed/ENCSR495INQ/chrombpnet_model_feb15_fold_0/bias_model/evaluation/	https://mitra.stanford.edu/kundaje/anusri/chromatin_atlas_failed/ENCSR495INQ/chrombpnet_model_feb15_fold_0/chrombpnet_model/evaluation/ENCSR495INQ_overall_report.html	stage1_bias_models_thresh_0.8.txt
ENCSR311LLZ	https://mitra.stanford.edu/kundaje/anusri/chromatin_atlas_failed/ENCSR311LLZ/chrombpnet_model_feb15_fold_0/bias_model/evaluation/ENCSR311LLZ_overall_report.html	https://mitra.stanford.edu/kundaje/anusri/chromatin_atlas_failed/ENCSR311LLZ/chrombpnet_model_feb15_fold_0/chrombpnet_model/evaluation/ENCSR311LLZ_overall_report.html	stage1_bias_models_thresh_0.8.txt
ENCSR587HPR	https://mitra.stanford.edu/kundaje/anusri/chromatin_atlas_failed/ENCSR587HPR/chrombpnet_model_feb15_fold_0/bias_model/evaluation/ENCSR587HPR_overall_report.html	https://mitra.stanford.edu/kundaje/anusri/chromatin_atlas_failed/ENCSR587HPR/chrombpnet_model_feb15_fold_0/chrombpnet_model/evaluation/ENCSR587HPR_overall_report.html	stage1_bias_models_thresh_0.8.txt
ENCSR670ZSA	https://mitra.stanford.edu/kundaje/anusri/chromatin_atlas_failed/ENCSR670ZSA/chrombpnet_model_feb15_fold_0/bias_model/evaluation/	https://mitra.stanford.edu/kundaje/anusri/chromatin_atlas_failed/ENCSR670ZSA/chrombpnet_model_feb15_fold_0/chrombpnet_model/evaluation/ENCSR670ZSA_overall_report.html	stage1_bias_models_thresh_0.8.txt
ENCSR588JXI	https://mitra.stanford.edu/kundaje/anusri/chromatin_atlas_failed/ENCSR588JXI/chrombpnet_model_feb15_fold_0/bias_model/evaluation/ENCSR588JXI_overall_report.html	https://mitra.stanford.edu/kundaje/anusri/chromatin_atlas_failed/ENCSR588JXI/chrombpnet_model_feb15_fold_0/chrombpnet_model/evaluation/ENCSR588JXI_overall_report.html	stage1_bias_models_thresh_0.8.txt
ENCSR888GBS	https://mitra.stanford.edu/kundaje/anusri/chromatin_atlas_failed/ENCSR888GBS/chrombpnet_model_feb15_fold_0/bias_model/evaluation/ENCSR888GBS_overall_report.html	https://mitra.stanford.edu/kundaje/anusri/chromatin_atlas_failed/ENCSR888GBS/chrombpnet_model_feb15_fold_0/chrombpnet_model/evaluation/ENCSR888GBS_overall_report.html	stage1_bias_models_thresh_0.8.txt
ENCSR849OKE	https://mitra.stanford.edu/kundaje/anusri/chromatin_atlas_failed/ENCSR849OKE/chrombpnet_model_feb15_fold_0/bias_model/evaluation/ENCSR849OKE_overall_report.html	https://mitra.stanford.edu/kundaje/anusri/chromatin_atlas_failed/ENCSR849OKE/chrombpnet_model_feb15_fold_0/chrombpnet_model/evaluation/ENCSR849OKE_overall_report.html	stage1_bias_models_thresh_0.8.txt
ENCSR188JLO	https://mitra.stanford.edu/kundaje/anusri/chromatin_atlas_failed/ENCSR188JLO/chrombpnet_model_feb15_fold_0/bias_model/evaluation/ENCSR188JLO_overall_report.html	https://mitra.stanford.edu/kundaje/anusri/chromatin_atlas_failed/ENCSR188JLO/chrombpnet_model_feb15_fold_0/chrombpnet_model/evaluation/ENCSR188JLO_overall_report.html	stage1_bias_models_thresh_0.8.txt
ENCSR420RWU	https://mitra.stanford.edu/kundaje/anusri/chromatin_atlas_failed/ENCSR420RWU/chrombpnet_model_feb15_fold_0/bias_model/evaluation/ENCSR420RWU_overall_report.html	https://mitra.stanford.edu/kundaje/anusri/chromatin_atlas_failed/ENCSR420RWU/chrombpnet_model_feb15_fold_0/chrombpnet_model/evaluation/ENCSR420RWU_overall_report.html	stage1_bias_models_thresh_0.8.txt
ENCSR000EOM	https://mitra.stanford.edu/kundaje/anusri/chromatin_atlas_failed/ENCSR000EOM/chrombpnet_model_feb15_fold_0/bias_model/evaluation/ENCSR000EOM_overall_report.html	https://mitra.stanford.edu/kundaje/anusri/chromatin_atlas_failed/ENCSR000EOM/chrombpnet_model_feb15_fold_0/chrombpnet_model/evaluation/ENCSR000EOM_overall_report.html	stage1_bias_models_thresh_0.8.txt
ENCSR000ENF	https://mitra.stanford.edu/kundaje/anusri/chromatin_atlas_failed/ENCSR000ENF/chrombpnet_model_feb15_fold_0/bias_model/evaluation/ENCSR000ENF_overall_report.html	https://mitra.stanford.edu/kundaje/anusri/chromatin_atlas_failed/ENCSR000ENF/chrombpnet_model_feb15_fold_0/chrombpnet_model/evaluation/ENCSR000ENF_overall_report.html	stage1_bias_models_thresh_0.8.txt
ENCSR000ENG	https://mitra.stanford.edu/kundaje/anusri/chromatin_atlas_failed/ENCSR000ENG/chrombpnet_model_feb15_fold_0/bias_model/evaluation/	https://mitra.stanford.edu/kundaje/anusri/chromatin_atlas_failed/ENCSR000ENG/chrombpnet_model_feb15_fold_0/chrombpnet_model/evaluation/ENCSR000ENG_overall_report.html	stage1_bias_models_thresh_0.8.txt
ENCSR271QSV	https://mitra.stanford.edu/kundaje/anusri/chromatin_atlas_failed/ENCSR271QSV/chrombpnet_model_feb15_fold_0/bias_model/evaluation/	https://mitra.stanford.edu/kundaje/anusri/chromatin_atlas_failed/ENCSR271QSV/chrombpnet_model_feb15_fold_0/chrombpnet_model/evaluation/ENCSR271QSV_overall_report.html	stage1_bias_models_thresh_0.8.txt
ENCSR680SDS	https://mitra.stanford.edu/kundaje/anusri/chromatin_atlas_failed/ENCSR680SDS/chrombpnet_model_feb15_fold_0/bias_model/evaluation/	https://mitra.stanford.edu/kundaje/anusri/chromatin_atlas_failed/ENCSR680SDS/chrombpnet_model_feb15_fold_0/chrombpnet_model/evaluation/ENCSR680SDS_overall_report.html	stage1_bias_models_thresh_0.8.txt
ENCSR000ELX	https://mitra.stanford.edu/kundaje/anusri/chromatin_atlas_failed/ENCSR000ELX/chrombpnet_model_feb15_fold_0/bias_model/evaluation/	https://mitra.stanford.edu/kundaje/anusri/chromatin_atlas_failed/ENCSR000ELX/chrombpnet_model_feb15_fold_0/chrombpnet_model/evaluation/ENCSR000ELX_overall_report.html	stage1_bias_models_thresh_0.8.txt
ENCSR000ENX	https://mitra.stanford.edu/kundaje/anusri/chromatin_atlas_failed/ENCSR000ENX/chrombpnet_model_feb15_fold_0/bias_model/evaluation/	https://mitra.stanford.edu/kundaje/anusri/chromatin_atlas_failed/ENCSR000ENX/chrombpnet_model_feb15_fold_0/chrombpnet_model/evaluation/ENCSR000ENX_overall_report.html	stage1_bias_models_thresh_0.8.txt
ENCSR000EOA	https://mitra.stanford.edu/kundaje/anusri/chromatin_atlas_failed/ENCSR000EOA/chrombpnet_model_feb15_fold_0/bias_model/evaluation/	https://mitra.stanford.edu/kundaje/anusri/chromatin_atlas_failed/ENCSR000EOA/chrombpnet_model_feb15_fold_0/chrombpnet_model/evaluation/ENCSR000EOA_overall_report.html	stage1_bias_models_thresh_0.8.txt
ENCSR122VUW	https://mitra.stanford.edu/kundaje/anusri/chromatin_atlas_failed/ENCSR122VUW/chrombpnet_model_feb15_fold_0/bias_model/evaluation/ENCSR122VUW_overall_report.html	https://mitra.stanford.edu/kundaje/anusri/chromatin_atlas_failed/ENCSR122VUW/chrombpnet_model_feb15_fold_0/chrombpnet_model/evaluation/ENCSR122VUW_overall_report.html	stage1_bias_models_thresh_0.8.txt
ENCSR590EFT	https://mitra.stanford.edu/kundaje/anusri/chromatin_atlas_failed/ENCSR590EFT/chrombpnet_model_feb15_fold_0/bias_model/evaluation/ENCSR590EFT_overall_report.html	https://mitra.stanford.edu/kundaje/anusri/chromatin_atlas_failed/ENCSR590EFT/chrombpnet_model_feb15_fold_0/chrombpnet_model/evaluation/ENCSR590EFT_overall_report.html	stage1_bias_models_thresh_0.8.txt
ENCSR191EII	https://mitra.stanford.edu/kundaje/anusri/chromatin_atlas_failed/ENCSR191EII/chrombpnet_model_feb15_fold_0/bias_model/evaluation/ENCSR191EII_overall_report.html	https://mitra.stanford.edu/kundaje/anusri/chromatin_atlas_failed/ENCSR191EII/chrombpnet_model_feb15_fold_0/chrombpnet_model/evaluation/ENCSR191EII_overall_report.html	stage1_bias_models_thresh_0.8.txt
ENCSR000EOH	https://mitra.stanford.edu/kundaje/anusri/chromatin_atlas_failed/ENCSR000EOH/chrombpnet_model_feb15_fold_0/bias_model/evaluation/	https://mitra.stanford.edu/kundaje/anusri/chromatin_atlas_failed/ENCSR000EOH/chrombpnet_model_feb15_fold_0/chrombpnet_model/evaluation/ENCSR000EOH_overall_report.html	stage1_bias_models_thresh_0.8.txt
ENCSR000EML	https://mitra.stanford.edu/kundaje/anusri/chromatin_atlas_failed/ENCSR000EML/chrombpnet_model_feb15_fold_0/bias_model/evaluation/ENCSR000EML_overall_report.html	https://mitra.stanford.edu/kundaje/anusri/chromatin_atlas_failed/ENCSR000EML/chrombpnet_model_feb15_fold_0/chrombpnet_model/evaluation/ENCSR000EML_overall_report.html	stage1_bias_models_thresh_0.8.txt
ENCSR000EQI	https://mitra.stanford.edu/kundaje/anusri/chromatin_atlas_failed/ENCSR000EQI/chrombpnet_model_feb15_fold_0/bias_model/evaluation/ENCSR000EQI_overall_report.html	https://mitra.stanford.edu/kundaje/anusri/chromatin_atlas_failed/ENCSR000EQI/chrombpnet_model_feb15_fold_0/chrombpnet_model/evaluation/ENCSR000EQI_overall_report.html	stage1_bias_models_thresh_0.8.txt
ENCSR000EMS	https://mitra.stanford.edu/kundaje/anusri/chromatin_atlas_failed/ENCSR000EMS/chrombpnet_model_feb15_fold_0/bias_model/evaluation/ENCSR000EMS_overall_report.html	https://mitra.stanford.edu/kundaje/anusri/chromatin_atlas_failed/ENCSR000EMS/chrombpnet_model_feb15_fold_0/chrombpnet_model/evaluation/ENCSR000EMS_overall_report.html	stage1_bias_models_thresh_0.8.txt
ENCSR000EOB	https://mitra.stanford.edu/kundaje/anusri/chromatin_atlas_failed/ENCSR000EOB/chrombpnet_model_feb15_fold_0/bias_model/evaluation/ENCSR000EOB_overall_report.html	https://mitra.stanford.edu/kundaje/anusri/chromatin_atlas_failed/ENCSR000EOB/chrombpnet_model_feb15_fold_0/chrombpnet_model/evaluation/ENCSR000EOB_overall_report.html	stage1_bias_models_thresh_0.8.txt
ENCSR000ENZ	https://mitra.stanford.edu/kundaje/anusri/chromatin_atlas_failed/ENCSR000ENZ/chrombpnet_model_feb15_fold_0/bias_model/evaluation/	https://mitra.stanford.edu/kundaje/anusri/chromatin_atlas_failed/ENCSR000ENZ/chrombpnet_model_feb15_fold_0/chrombpnet_model/evaluation/ENCSR000ENZ_overall_report.html	stage1_bias_models_thresh_0.8.txt
ENCSR946DXB	https://mitra.stanford.edu/kundaje/anusri/chromatin_atlas_failed/ENCSR946DXB/chrombpnet_model_feb15_fold_0/bias_model/evaluation/	https://mitra.stanford.edu/kundaje/anusri/chromatin_atlas_failed/ENCSR946DXB/chrombpnet_model_feb15_fold_0/chrombpnet_model/evaluation/ENCSR946DXB_overall_report.html	stage1_bias_models_thresh_0.8.txt
ENCSR435NHO	https://mitra.stanford.edu/kundaje/anusri/chromatin_atlas_failed/ENCSR435NHO/chrombpnet_model_feb15_fold_0/bias_model/evaluation/ENCSR435NHO_overall_report.html	https://mitra.stanford.edu/kundaje/anusri/chromatin_atlas_failed/ENCSR435NHO/chrombpnet_model_feb15_fold_0/chrombpnet_model/evaluation/ENCSR435NHO_overall_report.html	stage1_bias_models_thresh_0.8.txt
ENCSR014VAC	https://mitra.stanford.edu/kundaje/anusri/chromatin_atlas_failed/ENCSR014VAC/chrombpnet_model_feb15_fold_0/bias_model/evaluation/ENCSR014VAC_overall_report.html	https://mitra.stanford.edu/kundaje/anusri/chromatin_atlas_failed/ENCSR014VAC/chrombpnet_model_feb15_fold_0/chrombpnet_model/evaluation/ENCSR014VAC_overall_report.html	stage1_bias_models_thresh_0.8.txt
ENCSR941SMM	https://mitra.stanford.edu/kundaje/anusri/chromatin_atlas_failed/ENCSR941SMM/chrombpnet_model_feb15_fold_0/bias_model/evaluation/ENCSR941SMM_overall_report.html	https://mitra.stanford.edu/kundaje/anusri/chromatin_atlas_failed/ENCSR941SMM/chrombpnet_model_feb15_fold_0/chrombpnet_model/evaluation/ENCSR941SMM_overall_report.html	stage1_bias_models_thresh_0.8.txt
ENCSR437KLY	https://mitra.stanford.edu/kundaje/anusri/chromatin_atlas_failed/ENCSR437KLY/chrombpnet_model_feb15_fold_0/bias_model/evaluation/ENCSR437KLY_overall_report.html	https://mitra.stanford.edu/kundaje/anusri/chromatin_atlas_failed/ENCSR437KLY/chrombpnet_model_feb15_fold_0/chrombpnet_model/evaluation/ENCSR437KLY_overall_report.html	stage1_bias_models_thresh_0.8.txt
ENCSR502NDK	https://mitra.stanford.edu/kundaje/anusri/chromatin_atlas_failed/ENCSR502NDK/chrombpnet_model_feb15_fold_0/bias_model/evaluation/ENCSR502NDK_overall_report.html	https://mitra.stanford.edu/kundaje/anusri/chromatin_atlas_failed/ENCSR502NDK/chrombpnet_model_feb15_fold_0/chrombpnet_model/evaluation/ENCSR502NDK_overall_report.html	stage1_bias_models_thresh_0.8.txt
ENCSR800KVI	https://mitra.stanford.edu/kundaje/anusri/chromatin_atlas_failed/ENCSR800KVI/chrombpnet_model_feb15_fold_0/bias_model/evaluation/ENCSR800KVI_overall_report.html	https://mitra.stanford.edu/kundaje/anusri/chromatin_atlas_failed/ENCSR800KVI/chrombpnet_model_feb15_fold_0/chrombpnet_model/evaluation/ENCSR800KVI_overall_report.html	stage1_bias_models_thresh_0.8.txt
ENCSR619BNL	https://mitra.stanford.edu/kundaje/anusri/chromatin_atlas_failed/ENCSR619BNL/chrombpnet_model_feb15_fold_0/bias_model/evaluation/ENCSR619BNL_overall_report.html	https://mitra.stanford.edu/kundaje/anusri/chromatin_atlas_failed/ENCSR619BNL/chrombpnet_model_feb15_fold_0/chrombpnet_model/evaluation/ENCSR619BNL_overall_report.html	stage1_bias_models_thresh_0.8.txt
ENCSR328UMC	https://mitra.stanford.edu/kundaje/anusri/chromatin_atlas_failed/ENCSR328UMC/chrombpnet_model_feb15_fold_0/bias_model/evaluation/ENCSR328UMC_overall_report.html	https://mitra.stanford.edu/kundaje/anusri/chromatin_atlas_failed/ENCSR328UMC/chrombpnet_model_feb15_fold_0/chrombpnet_model/evaluation/ENCSR328UMC_overall_report.html	stage1_bias_models_thresh_0.8.txt
ENCSR499PZA	https://mitra.stanford.edu/kundaje/anusri/chromatin_atlas_failed/ENCSR499PZA/chrombpnet_model_feb15_fold_0/bias_model/evaluation/ENCSR499PZA_overall_report.html	https://mitra.stanford.edu/kundaje/anusri/chromatin_atlas_failed/ENCSR499PZA/chrombpnet_model_feb15_fold_0/chrombpnet_model/evaluation/ENCSR499PZA_overall_report.html	stage1_bias_models_thresh_0.8.txt
ENCSR318JAA	https://mitra.stanford.edu/kundaje/anusri/chromatin_atlas_failed/ENCSR318JAA/chrombpnet_model_feb15_fold_0/bias_model/evaluation/	https://mitra.stanford.edu/kundaje/anusri/chromatin_atlas_failed/ENCSR318JAA/chrombpnet_model_feb15_fold_0/chrombpnet_model/evaluation/ENCSR318JAA_overall_report.html	stage1_bias_models_thresh_0.8.txt
ENCSR536NGW	https://mitra.stanford.edu/kundaje/anusri/chromatin_atlas_failed/ENCSR536NGW/chrombpnet_model_feb15_fold_0/bias_model/evaluation/ENCSR536NGW_overall_report.html	https://mitra.stanford.edu/kundaje/anusri/chromatin_atlas_failed/ENCSR536NGW/chrombpnet_model_feb15_fold_0/chrombpnet_model/evaluation/ENCSR536NGW_overall_report.html	stage1_bias_models_thresh_0.8.txt
ENCSR533VAF	https://mitra.stanford.edu/kundaje/anusri/chromatin_atlas_failed/ENCSR533VAF/chrombpnet_model_feb15_fold_0/bias_model/evaluation/ENCSR533VAF_overall_report.html	https://mitra.stanford.edu/kundaje/anusri/chromatin_atlas_failed/ENCSR533VAF/chrombpnet_model_feb15_fold_0/chrombpnet_model/evaluation/ENCSR533VAF_overall_report.html	stage1_bias_models_thresh_0.8.txt
ENCSR133KBX	https://mitra.stanford.edu/kundaje/anusri/chromatin_atlas_failed/ENCSR133KBX/chrombpnet_model_feb15_fold_0/bias_model/evaluation/ENCSR133KBX_overall_report.html	https://mitra.stanford.edu/kundaje/anusri/chromatin_atlas_failed/ENCSR133KBX/chrombpnet_model_feb15_fold_0/chrombpnet_model/evaluation/ENCSR133KBX_overall_report.html	stage1_bias_models_thresh_0.8.txt
ENCSR092WMD	https://mitra.stanford.edu/kundaje/anusri/chromatin_atlas_failed/ENCSR092WMD/chrombpnet_model_feb15_fold_0/bias_model/evaluation/	https://mitra.stanford.edu/kundaje/anusri/chromatin_atlas_failed/ENCSR092WMD/chrombpnet_model_feb15_fold_0/chrombpnet_model/evaluation/ENCSR092WMD_overall_report.html	stage1_bias_models_thresh_0.8.txt
ENCSR857AEB	https://mitra.stanford.edu/kundaje/anusri/chromatin_atlas_failed/ENCSR857AEB/chrombpnet_model_feb15_fold_0/bias_model/evaluation/ENCSR857AEB_overall_report.html	https://mitra.stanford.edu/kundaje/anusri/chromatin_atlas_failed/ENCSR857AEB/chrombpnet_model_feb15_fold_0/chrombpnet_model/evaluation/ENCSR857AEB_overall_report.html	stage1_bias_models_thresh_0.8.txt
ENCSR762FCX	https://mitra.stanford.edu/kundaje/anusri/chromatin_atlas_failed/ENCSR762FCX/chrombpnet_model_feb15_fold_0/bias_model/evaluation/ENCSR762FCX_overall_report.html	https://mitra.stanford.edu/kundaje/anusri/chromatin_atlas_failed/ENCSR762FCX/chrombpnet_model_feb15_fold_0/chrombpnet_model/evaluation/ENCSR762FCX_overall_report.html	stage1_bias_models_thresh_0.8.txt
ENCSR768OLL	https://mitra.stanford.edu/kundaje/anusri/chromatin_atlas_failed/ENCSR768OLL/chrombpnet_model_feb15_fold_0/bias_model/evaluation/	https://mitra.stanford.edu/kundaje/anusri/chromatin_atlas_failed/ENCSR768OLL/chrombpnet_model_feb15_fold_0/chrombpnet_model/evaluation/ENCSR768OLL_overall_report.html	stage1_bias_models_thresh_0.8.txt
ENCSR706IDL	https://mitra.stanford.edu/kundaje/anusri/chromatin_atlas_failed/ENCSR706IDL/chrombpnet_model_feb15_fold_0/bias_model/evaluation/ENCSR706IDL_overall_report.html	https://mitra.stanford.edu/kundaje/anusri/chromatin_atlas_failed/ENCSR706IDL/chrombpnet_model_feb15_fold_0/chrombpnet_model/evaluation/ENCSR706IDL_overall_report.html	stage1_bias_models_thresh_0.8.txt
ENCSR000EPU	https://mitra.stanford.edu/kundaje/anusri/chromatin_atlas_failed/ENCSR000EPU/chrombpnet_model_feb15_fold_0/bias_model/evaluation/	https://mitra.stanford.edu/kundaje/anusri/chromatin_atlas_failed/ENCSR000EPU/chrombpnet_model_feb15_fold_0/chrombpnet_model/evaluation/ENCSR000EPU_overall_report.html	stage1_bias_models_thresh_0.8.txt
ENCSR000EPW	https://mitra.stanford.edu/kundaje/anusri/chromatin_atlas_failed/ENCSR000EPW/chrombpnet_model_feb20_fold_0/bias_model/evaluation/ENCSR000EPW_overall_report.html	https://mitra.stanford.edu/kundaje/anusri/chromatin_atlas_failed/ENCSR000EPW/chrombpnet_model_feb20_fold_0/chrombpnet_model/evaluation/ENCSR000EPW_overall_report.html	stage2_bias_models_thresh_0.6.txt
ENCSR174JMM	https://mitra.stanford.edu/kundaje/anusri/chromatin_atlas_failed/ENCSR174JMM/chrombpnet_model_feb20_fold_0/bias_model/evaluation/ENCSR174JMM_overall_report.html	https://mitra.stanford.edu/kundaje/anusri/chromatin_atlas_failed/ENCSR174JMM/chrombpnet_model_feb20_fold_0/chrombpnet_model/evaluation/ENCSR174JMM_overall_report.html	stage2_bias_models_thresh_0.6.txt
ENCSR119HXE	https://mitra.stanford.edu/kundaje/anusri/chromatin_atlas_failed/ENCSR119HXE/chrombpnet_model_feb20_fold_0/bias_model/evaluation/ENCSR119HXE_overall_report.html	https://mitra.stanford.edu/kundaje/anusri/chromatin_atlas_failed/ENCSR119HXE/chrombpnet_model_feb20_fold_0/chrombpnet_model/evaluation/ENCSR119HXE_overall_report.html	stage2_bias_models_thresh_0.6.txt
ENCSR422PVL	https://mitra.stanford.edu/kundaje/anusri/chromatin_atlas_failed/ENCSR422PVL/chrombpnet_model_feb20_fold_0/bias_model/evaluation/ENCSR422PVL_overall_report.html	https://mitra.stanford.edu/kundaje/anusri/chromatin_atlas_failed/ENCSR422PVL/chrombpnet_model_feb20_fold_0/chrombpnet_model/evaluation/ENCSR422PVL_overall_report.html	stage2_bias_models_thresh_0.6.txt
ENCSR786FWF	https://mitra.stanford.edu/kundaje/anusri/chromatin_atlas_failed/ENCSR786FWF/chrombpnet_model_feb20_fold_0/bias_model/evaluation/ENCSR786FWF_overall_report.html	https://mitra.stanford.edu/kundaje/anusri/chromatin_atlas_failed/ENCSR786FWF/chrombpnet_model_feb20_fold_0/chrombpnet_model/evaluation/ENCSR786FWF_overall_report.html	stage2_bias_models_thresh_0.6.txt
ENCSR119HXE	https://mitra.stanford.edu/kundaje/anusri/chromatin_atlas_failed/ENCSR119HXE/chrombpnet_model_feb20_fold_0/bias_model/evaluation/ENCSR119HXE_overall_report.html	https://mitra.stanford.edu/kundaje/anusri/chromatin_atlas_failed/ENCSR119HXE/chrombpnet_model_feb20_fold_0/chrombpnet_model/evaluation/ENCSR119HXE_overall_report.html	stage2_bias_models_thresh_0.6.txt
ENCSR786FWF	https://mitra.stanford.edu/kundaje/anusri/chromatin_atlas_failed/ENCSR786FWF/chrombpnet_model_feb20_fold_0/bias_model/evaluation/ENCSR786FWF_overall_report.html	https://mitra.stanford.edu/kundaje/anusri/chromatin_atlas_failed/ENCSR786FWF/chrombpnet_model_feb20_fold_0/chrombpnet_model/evaluation/ENCSR786FWF_overall_report.html	stage2_bias_models_thresh_0.6.txt
ENCSR000ENC	https://mitra.stanford.edu/kundaje/anusri/chromatin_atlas_failed/ENCSR000ENC/chrombpnet_model_feb20_fold_0/bias_model/evaluation/ENCSR000ENC_overall_report.html	https://mitra.stanford.edu/kundaje/anusri/chromatin_atlas_failed/ENCSR000ENC/chrombpnet_model_feb20_fold_0/chrombpnet_model/evaluation/ENCSR000ENC_overall_report.html	stage2_bias_models_thresh_0.6.txt
ENCSR474GZQ	https://mitra.stanford.edu/kundaje/anusri/chromatin_atlas_failed/ENCSR474GZQ/chrombpnet_model_feb20_fold_0/bias_model/evaluation/ENCSR474GZQ_overall_report.html	https://mitra.stanford.edu/kundaje/anusri/chromatin_atlas_failed/ENCSR474GZQ/chrombpnet_model_feb20_fold_0/chrombpnet_model/evaluation/ENCSR474GZQ_overall_report.html	stage2_bias_models_thresh_0.6.txt
ENCSR066WZJ	https://mitra.stanford.edu/kundaje/anusri/chromatin_atlas_failed/ENCSR066WZJ/chrombpnet_model_feb20_fold_0/bias_model/evaluation/ENCSR066WZJ_overall_report.html	https://mitra.stanford.edu/kundaje/anusri/chromatin_atlas_failed/ENCSR066WZJ/chrombpnet_model_feb20_fold_0/chrombpnet_model/evaluation/ENCSR066WZJ_overall_report.html	stage2_bias_models_thresh_0.6.txt
ENCSR318PRQ	https://mitra.stanford.edu/kundaje/anusri/chromatin_atlas_failed/ENCSR318PRQ/chrombpnet_model_feb20_fold_0/bias_model/evaluation/ENCSR318PRQ_overall_report.html	https://mitra.stanford.edu/kundaje/anusri/chromatin_atlas_failed/ENCSR318PRQ/chrombpnet_model_feb20_fold_0/chrombpnet_model/evaluation/ENCSR318PRQ_overall_report.html	stage2_bias_models_thresh_0.6.txt
ENCSR664PKM	https://mitra.stanford.edu/kundaje/anusri/chromatin_atlas_failed/ENCSR664PKM/chrombpnet_model_feb20_fold_0/bias_model/evaluation/ENCSR664PKM_overall_report.html	https://mitra.stanford.edu/kundaje/anusri/chromatin_atlas_failed/ENCSR664PKM/chrombpnet_model_feb20_fold_0/chrombpnet_model/evaluation/ENCSR664PKM_overall_report.html	stage2_bias_models_thresh_0.6.txt
ENCSR000EME	https://mitra.stanford.edu/kundaje/anusri/chromatin_atlas_failed/ENCSR000EME/chrombpnet_model_feb20_fold_0/bias_model/evaluation/ENCSR000EME_overall_report.html	https://mitra.stanford.edu/kundaje/anusri/chromatin_atlas_failed/ENCSR000EME/chrombpnet_model_feb20_fold_0/chrombpnet_model/evaluation/ENCSR000EME_overall_report.html	stage2_bias_models_thresh_0.6.txt
ENCSR504KZE	https://mitra.stanford.edu/kundaje/anusri/chromatin_atlas_failed/ENCSR504KZE/chrombpnet_model_feb20_fold_0/bias_model/evaluation/ENCSR504KZE_overall_report.html	https://mitra.stanford.edu/kundaje/anusri/chromatin_atlas_failed/ENCSR504KZE/chrombpnet_model_feb20_fold_0/chrombpnet_model/evaluation/ENCSR504KZE_overall_report.html	stage2_bias_models_thresh_0.6.txt
ENCSR938UOR	https://mitra.stanford.edu/kundaje/anusri/chromatin_atlas_failed/ENCSR938UOR/chrombpnet_model_feb20_fold_0/bias_model/evaluation/ENCSR938UOR_overall_report.html	https://mitra.stanford.edu/kundaje/anusri/chromatin_atlas_failed/ENCSR938UOR/chrombpnet_model_feb20_fold_0/chrombpnet_model/evaluation/ENCSR938UOR_overall_report.html	stage2_bias_models_thresh_0.6.txt
ENCSR062DXC	https://mitra.stanford.edu/kundaje/anusri/chromatin_atlas_failed/ENCSR062DXC/chrombpnet_model_feb20_fold_0/bias_model/evaluation/ENCSR062DXC_overall_report.html	https://mitra.stanford.edu/kundaje/anusri/chromatin_atlas_failed/ENCSR062DXC/chrombpnet_model_feb20_fold_0/chrombpnet_model/evaluation/ENCSR062DXC_overall_report.html	stage2_bias_models_thresh_0.6.txt
ENCSR698CUE	https://mitra.stanford.edu/kundaje/anusri/chromatin_atlas_failed/ENCSR698CUE/chrombpnet_model_feb20_fold_0/bias_model/evaluation/ENCSR698CUE_overall_report.html	https://mitra.stanford.edu/kundaje/anusri/chromatin_atlas_failed/ENCSR698CUE/chrombpnet_model_feb20_fold_0/chrombpnet_model/evaluation/ENCSR698CUE_overall_report.html	stage2_bias_models_thresh_0.6.txt
ENCSR278FHC	https://mitra.stanford.edu/kundaje/anusri/chromatin_atlas_failed/ENCSR278FHC/chrombpnet_model_feb20_fold_0/bias_model/evaluation/ENCSR278FHC_overall_report.html	https://mitra.stanford.edu/kundaje/anusri/chromatin_atlas_failed/ENCSR278FHC/chrombpnet_model_feb20_fold_0/chrombpnet_model/evaluation/ENCSR278FHC_overall_report.html	stage2_bias_models_thresh_0.6.txt
ENCSR295ELC	https://mitra.stanford.edu/kundaje/anusri/chromatin_atlas_failed/ENCSR295ELC/chrombpnet_model_feb20_fold_0/bias_model/evaluation/ENCSR295ELC_overall_report.html	https://mitra.stanford.edu/kundaje/anusri/chromatin_atlas_failed/ENCSR295ELC/chrombpnet_model_feb20_fold_0/chrombpnet_model/evaluation/ENCSR295ELC_overall_report.html	stage2_bias_models_thresh_0.6.txt
ENCSR366EGE	https://mitra.stanford.edu/kundaje/anusri/chromatin_atlas_failed/ENCSR366EGE/chrombpnet_model_feb20_fold_0/bias_model/evaluation/ENCSR366EGE_overall_report.html	https://mitra.stanford.edu/kundaje/anusri/chromatin_atlas_failed/ENCSR366EGE/chrombpnet_model_feb20_fold_0/chrombpnet_model/evaluation/ENCSR366EGE_overall_report.html	stage2_bias_models_thresh_0.6.txt
ENCSR198JXW	https://mitra.stanford.edu/kundaje/anusri/chromatin_atlas_failed/ENCSR198JXW/chrombpnet_model_feb20_fold_0/bias_model/evaluation/ENCSR198JXW_overall_report.html	https://mitra.stanford.edu/kundaje/anusri/chromatin_atlas_failed/ENCSR198JXW/chrombpnet_model_feb20_fold_0/chrombpnet_model/evaluation/ENCSR198JXW_overall_report.html	stage2_bias_models_thresh_0.6.txt
ENCSR305UJX	https://mitra.stanford.edu/kundaje/anusri/chromatin_atlas_failed/ENCSR305UJX/chrombpnet_model_feb20_fold_0/bias_model/evaluation/ENCSR305UJX_overall_report.html	https://mitra.stanford.edu/kundaje/anusri/chromatin_atlas_failed/ENCSR305UJX/chrombpnet_model_feb20_fold_0/chrombpnet_model/evaluation/ENCSR305UJX_overall_report.html	stage2_bias_models_thresh_0.6.txt
ENCSR318WOD	https://mitra.stanford.edu/kundaje/anusri/chromatin_atlas_failed/ENCSR318WOD/chrombpnet_model_feb20_fold_0/bias_model/evaluation/ENCSR318WOD_overall_report.html	https://mitra.stanford.edu/kundaje/anusri/chromatin_atlas_failed/ENCSR318WOD/chrombpnet_model_feb20_fold_0/chrombpnet_model/evaluation/ENCSR318WOD_overall_report.html	stage2_bias_models_thresh_0.6.txt
ENCSR000ENK	https://mitra.stanford.edu/kundaje/anusri/chromatin_atlas_failed/ENCSR000ENK/chrombpnet_model_feb20_fold_0/bias_model/evaluation/ENCSR000ENK_overall_report.html	https://mitra.stanford.edu/kundaje/anusri/chromatin_atlas_failed/ENCSR000ENK/chrombpnet_model_feb20_fold_0/chrombpnet_model/evaluation/ENCSR000ENK_overall_report.html	stage2_bias_models_thresh_0.6.txt
ENCSR000EOE	https://mitra.stanford.edu/kundaje/anusri/chromatin_atlas_failed/ENCSR000EOE/chrombpnet_model_feb20_fold_0/bias_model/evaluation/ENCSR000EOE_overall_report.html	https://mitra.stanford.edu/kundaje/anusri/chromatin_atlas_failed/ENCSR000EOE/chrombpnet_model_feb20_fold_0/chrombpnet_model/evaluation/ENCSR000EOE_overall_report.html	stage2_bias_models_thresh_0.6.txt
ENCSR532CRI	https://mitra.stanford.edu/kundaje/anusri/chromatin_atlas_failed/ENCSR532CRI/chrombpnet_model_feb20_fold_0/bias_model/evaluation/ENCSR532CRI_overall_report.html	https://mitra.stanford.edu/kundaje/anusri/chromatin_atlas_failed/ENCSR532CRI/chrombpnet_model_feb20_fold_0/chrombpnet_model/evaluation/ENCSR532CRI_overall_report.html	stage2_bias_models_thresh_0.6.txt
ENCSR949JYS	https://mitra.stanford.edu/kundaje/anusri/chromatin_atlas_failed/ENCSR949JYS/chrombpnet_model_feb20_fold_0/bias_model/evaluation/ENCSR949JYS_overall_report.html	https://mitra.stanford.edu/kundaje/anusri/chromatin_atlas_failed/ENCSR949JYS/chrombpnet_model_feb20_fold_0/chrombpnet_model/evaluation/ENCSR949JYS_overall_report.html	stage2_bias_models_thresh_0.6.txt
ENCSR148MFM	https://mitra.stanford.edu/kundaje/anusri/chromatin_atlas_failed/ENCSR148MFM/chrombpnet_model_feb20_fold_0/bias_model/evaluation/ENCSR148MFM_overall_report.html	https://mitra.stanford.edu/kundaje/anusri/chromatin_atlas_failed/ENCSR148MFM/chrombpnet_model_feb20_fold_0/chrombpnet_model/evaluation/ENCSR148MFM_overall_report.html	stage2_bias_models_thresh_0.6.txt
ENCSR059LXL	https://mitra.stanford.edu/kundaje/anusri/chromatin_atlas_failed/ENCSR059LXL/chrombpnet_model_feb20_fold_0/bias_model/evaluation/ENCSR059LXL_overall_report.html	https://mitra.stanford.edu/kundaje/anusri/chromatin_atlas_failed/ENCSR059LXL/chrombpnet_model_feb20_fold_0/chrombpnet_model/evaluation/ENCSR059LXL_overall_report.html	stage2_bias_models_thresh_0.6.txt
ENCSR956NOL	https://mitra.stanford.edu/kundaje/anusri/chromatin_atlas_failed/ENCSR956NOL/chrombpnet_model_feb20_fold_0/bias_model/evaluation/ENCSR956NOL_overall_report.html	https://mitra.stanford.edu/kundaje/anusri/chromatin_atlas_failed/ENCSR956NOL/chrombpnet_model_feb20_fold_0/chrombpnet_model/evaluation/ENCSR956NOL_overall_report.html	stage2_bias_models_thresh_0.6.txt
ENCSR000EOL	https://mitra.stanford.edu/kundaje/anusri/chromatin_atlas_failed/ENCSR000EOL/chrombpnet_model_feb22_fold_0/bias_model/evaluation/ENCSR000EOL_overall_report.html	https://mitra.stanford.edu/kundaje/anusri/chromatin_atlas_failed/ENCSR000EOL/chrombpnet_model_feb22_fold_0/chrombpnet_model/evaluation/ENCSR000EOL_overall_report.html	stage3_bias_models_thresh_0.4.txt
ENCSR000ENV	https://mitra.stanford.edu/kundaje/anusri/chromatin_atlas_failed/ENCSR000ENV/chrombpnet_model_feb22_fold_0/bias_model/evaluation/ENCSR000ENV_overall_report.html	https://mitra.stanford.edu/kundaje/anusri/chromatin_atlas_failed/ENCSR000ENV/chrombpnet_model_feb22_fold_0/chrombpnet_model/evaluation/ENCSR000ENV_overall_report.html	stage3_bias_models_thresh_0.4.txt
ENCSR000ENY	https://mitra.stanford.edu/kundaje/anusri/chromatin_atlas_failed/ENCSR000ENY/chrombpnet_model_feb22_fold_0/bias_model/evaluation/ENCSR000ENY_overall_report.html	https://mitra.stanford.edu/kundaje/anusri/chromatin_atlas_failed/ENCSR000ENY/chrombpnet_model_feb22_fold_0/chrombpnet_model/evaluation/ENCSR000ENY_overall_report.html	stage3_bias_models_thresh_0.4.txt
ENCSR414ZUA	https://mitra.stanford.edu/kundaje/anusri/chromatin_atlas_failed/ENCSR414ZUA/chrombpnet_model_feb22_fold_0/bias_model/evaluation/ENCSR414ZUA_overall_report.html	https://mitra.stanford.edu/kundaje/anusri/chromatin_atlas_failed/ENCSR414ZUA/chrombpnet_model_feb22_fold_0/chrombpnet_model/evaluation/ENCSR414ZUA_overall_report.html	stage3_bias_models_thresh_0.4.txt
ENCSR118WIQ	https://mitra.stanford.edu/kundaje/anusri/chromatin_atlas_failed/ENCSR118WIQ/chrombpnet_model_feb22_fold_0/bias_model/evaluation/ENCSR118WIQ_overall_report.html	https://mitra.stanford.edu/kundaje/anusri/chromatin_atlas_failed/ENCSR118WIQ/chrombpnet_model_feb22_fold_0/chrombpnet_model/evaluation/ENCSR118WIQ_overall_report.html	stage3_bias_models_thresh_0.4.txt
ENCSR000ENE	https://mitra.stanford.edu/kundaje/anusri/chromatin_atlas_failed/ENCSR000ENE/chrombpnet_model_feb22_fold_0/bias_model/evaluation/ENCSR000ENE_overall_report.html	https://mitra.stanford.edu/kundaje/anusri/chromatin_atlas_failed/ENCSR000ENE/chrombpnet_model_feb22_fold_0/chrombpnet_model/evaluation/ENCSR000ENE_overall_report.html	stage3_bias_models_thresh_0.4.txt
ENCSR000EOK	https://mitra.stanford.edu/kundaje/anusri/chromatin_atlas_failed/ENCSR000EOK/chrombpnet_model_feb22_fold_0/bias_model/evaluation/ENCSR000EOK_overall_report.html	https://mitra.stanford.edu/kundaje/anusri/chromatin_atlas_failed/ENCSR000EOK/chrombpnet_model_feb22_fold_0/chrombpnet_model/evaluation/ENCSR000EOK_overall_report.html	stage3_bias_models_thresh_0.4.txt
ENCSR986YWZ	https://mitra.stanford.edu/kundaje/anusri/chromatin_atlas_failed/ENCSR986YWZ/chrombpnet_model_feb22_fold_0/bias_model/evaluation/ENCSR986YWZ_overall_report.html	https://mitra.stanford.edu/kundaje/anusri/chromatin_atlas_failed/ENCSR986YWZ/chrombpnet_model_feb22_fold_0/chrombpnet_model/evaluation/ENCSR986YWZ_overall_report.html	stage3_bias_models_thresh_0.4.txt
ENCSR000EOJ	https://mitra.stanford.edu/kundaje/anusri/chromatin_atlas_failed/ENCSR000EOJ/chrombpnet_model_feb22_fold_0/bias_model/evaluation/ENCSR000EOJ_overall_report.html	https://mitra.stanford.edu/kundaje/anusri/chromatin_atlas_failed/ENCSR000EOJ/chrombpnet_model_feb22_fold_0/chrombpnet_model/evaluation/ENCSR000EOJ_overall_report.html	stage3_bias_models_thresh_0.4.txt
ENCSR000ENB	https://mitra.stanford.edu/kundaje/anusri/chromatin_atlas_failed/ENCSR000ENB/chrombpnet_model_feb22_fold_0/bias_model/evaluation/ENCSR000ENB_overall_report.html	https://mitra.stanford.edu/kundaje/anusri/chromatin_atlas_failed/ENCSR000ENB/chrombpnet_model_feb22_fold_0/chrombpnet_model/evaluation/ENCSR000ENB_overall_report.html	stage3_bias_models_thresh_0.4.txt
ENCSR082JCE	https://mitra.stanford.edu/kundaje/anusri/chromatin_atlas_failed/ENCSR082JCE/chrombpnet_model_feb22_fold_0/bias_model/evaluation/ENCSR082JCE_overall_report.html	https://mitra.stanford.edu/kundaje/anusri/chromatin_atlas_failed/ENCSR082JCE/chrombpnet_model_feb22_fold_0/chrombpnet_model/evaluation/ENCSR082JCE_overall_report.html	stage3_bias_models_thresh_0.4.txt
ENCSR000EQM	https://mitra.stanford.edu/kundaje/anusri/chromatin_atlas_failed/ENCSR000EQM/chrombpnet_model_feb22_fold_0/bias_model/evaluation/ENCSR000EQM_overall_report.html	https://mitra.stanford.edu/kundaje/anusri/chromatin_atlas_failed/ENCSR000EQM/chrombpnet_model_feb22_fold_0/chrombpnet_model/evaluation/ENCSR000EQM_overall_report.html	stage3_bias_models_thresh_0.4.txt
ENCSR309FOO	https://mitra.stanford.edu/kundaje/anusri/chromatin_atlas_failed/ENCSR309FOO/chrombpnet_model_feb22_fold_0/bias_model/evaluation/ENCSR309FOO_overall_report.html	https://mitra.stanford.edu/kundaje/anusri/chromatin_atlas_failed/ENCSR309FOO/chrombpnet_model_feb22_fold_0/chrombpnet_model/evaluation/ENCSR309FOO_overall_report.html	stage3_bias_models_thresh_0.4.txt
ENCSR826ERZ	https://mitra.stanford.edu/kundaje/anusri/chromatin_atlas_failed/ENCSR826ERZ/chrombpnet_model_feb22_fold_0/bias_model/evaluation/ENCSR826ERZ_overall_report.html	https://mitra.stanford.edu/kundaje/anusri/chromatin_atlas_failed/ENCSR826ERZ/chrombpnet_model_feb22_fold_0/chrombpnet_model/evaluation/ENCSR826ERZ_overall_report.html	stage3_bias_models_thresh_0.4.txt
ENCSR270LZE	https://mitra.stanford.edu/kundaje/anusri/chromatin_atlas_failed/ENCSR270LZE/chrombpnet_model_feb22_fold_0/bias_model/evaluation/ENCSR270LZE_overall_report.html	https://mitra.stanford.edu/kundaje/anusri/chromatin_atlas_failed/ENCSR270LZE/chrombpnet_model_feb22_fold_0/chrombpnet_model/evaluation/ENCSR270LZE_overall_report.html	stage3_bias_models_thresh_0.4.txt
ENCSR214XJO	https://mitra.stanford.edu/kundaje/anusri/chromatin_atlas_failed/ENCSR214XJO/chrombpnet_model_feb22_fold_0/bias_model/evaluation/ENCSR214XJO_overall_report.html	https://mitra.stanford.edu/kundaje/anusri/chromatin_atlas_failed/ENCSR214XJO/chrombpnet_model_feb22_fold_0/chrombpnet_model/evaluation/ENCSR214XJO_overall_report.html	stage3_bias_models_thresh_0.4.txt
ENCSR106RBR	https://mitra.stanford.edu/kundaje/anusri/chromatin_atlas_failed/ENCSR106RBR/chrombpnet_model_feb22_fold_0/bias_model/evaluation/ENCSR106RBR_overall_report.html	https://mitra.stanford.edu/kundaje/anusri/chromatin_atlas_failed/ENCSR106RBR/chrombpnet_model_feb22_fold_0/chrombpnet_model/evaluation/ENCSR106RBR_overall_report.html	stage3_bias_models_thresh_0.4.txt
ENCSR441MMO	https://mitra.stanford.edu/kundaje/anusri/chromatin_atlas_failed/ENCSR441MMO/chrombpnet_model_feb22_fold_0/bias_model/evaluation/ENCSR441MMO_overall_report.html	https://mitra.stanford.edu/kundaje/anusri/chromatin_atlas_failed/ENCSR441MMO/chrombpnet_model_feb22_fold_0/chrombpnet_model/evaluation/ENCSR441MMO_overall_report.html	stage3_bias_models_thresh_0.4.txt
ENCSR033DQS	https://mitra.stanford.edu/kundaje/anusri/chromatin_atlas_failed/ENCSR033DQS/chrombpnet_model_feb22_fold_0/bias_model/evaluation/ENCSR033DQS_overall_report.html	https://mitra.stanford.edu/kundaje/anusri/chromatin_atlas_failed/ENCSR033DQS/chrombpnet_model_feb22_fold_0/chrombpnet_model/evaluation/ENCSR033DQS_overall_report.html	stage3_bias_models_thresh_0.4.txt
ENCSR765BSU	https://mitra.stanford.edu/kundaje/anusri/chromatin_atlas_failed/ENCSR765BSU/chrombpnet_model_feb22_fold_0/bias_model/evaluation/ENCSR765BSU_overall_report.html	https://mitra.stanford.edu/kundaje/anusri/chromatin_atlas_failed/ENCSR765BSU/chrombpnet_model_feb22_fold_0/chrombpnet_model/evaluation/ENCSR765BSU_overall_report.html	stage3_bias_models_thresh_0.4.txt
ENCSR187PYY	https://mitra.stanford.edu/kundaje/anusri/chromatin_atlas_failed/ENCSR187PYY/chrombpnet_model_feb22_fold_0/bias_model/evaluation/ENCSR187PYY_overall_report.html	https://mitra.stanford.edu/kundaje/anusri/chromatin_atlas_failed/ENCSR187PYY/chrombpnet_model_feb22_fold_0/chrombpnet_model/evaluation/ENCSR187PYY_overall_report.html	stage3_bias_models_thresh_0.4.txt
ENCSR871APX	https://mitra.stanford.edu/kundaje/anusri/chromatin_atlas_failed/ENCSR871APX/chrombpnet_model_feb22_fold_0/bias_model/evaluation/ENCSR871APX_overall_report.html	https://mitra.stanford.edu/kundaje/anusri/chromatin_atlas_failed/ENCSR871APX/chrombpnet_model_feb22_fold_0/chrombpnet_model/evaluation/ENCSR871APX_overall_report.html	stage3_bias_models_thresh_0.4.txt
ENCSR026EOM	https://mitra.stanford.edu/kundaje/anusri/chromatin_atlas_failed/ENCSR026EOM/chrombpnet_model_feb22_fold_0/bias_model/evaluation/ENCSR026EOM_overall_report.html	https://mitra.stanford.edu/kundaje/anusri/chromatin_atlas_failed/ENCSR026EOM/chrombpnet_model_feb22_fold_0/chrombpnet_model/evaluation/ENCSR026EOM_overall_report.html	stage3_bias_models_thresh_0.4.txt
ENCSR501FWC	https://mitra.stanford.edu/kundaje/anusri/chromatin_atlas_failed/ENCSR501FWC/chrombpnet_model_feb22_fold_0/bias_model/evaluation/ENCSR501FWC_overall_report.html	https://mitra.stanford.edu/kundaje/anusri/chromatin_atlas_failed/ENCSR501FWC/chrombpnet_model_feb22_fold_0/chrombpnet_model/evaluation/ENCSR501FWC_overall_report.html	stage3_bias_models_thresh_0.4.txt
ENCSR911LTI	https://mitra.stanford.edu/kundaje/anusri/chromatin_atlas_failed/ENCSR911LTI/chrombpnet_model_feb22_fold_0/bias_model/evaluation/ENCSR911LTI_overall_report.html	https://mitra.stanford.edu/kundaje/anusri/chromatin_atlas_failed/ENCSR911LTI/chrombpnet_model_feb22_fold_0/chrombpnet_model/evaluation/ENCSR911LTI_overall_report.html	stage3_bias_models_thresh_0.4.txt
ENCSR015BGH	https://mitra.stanford.edu/kundaje/anusri/chromatin_atlas_failed/ENCSR015BGH/chrombpnet_model_feb22_fold_0/bias_model/evaluation/ENCSR015BGH_overall_report.html	https://mitra.stanford.edu/kundaje/anusri/chromatin_atlas_failed/ENCSR015BGH/chrombpnet_model_feb22_fold_0/chrombpnet_model/evaluation/ENCSR015BGH_overall_report.html	stage3_bias_models_thresh_0.4.txt
ENCSR856NXV	https://mitra.stanford.edu/kundaje/anusri/chromatin_atlas_failed/ENCSR856NXV/chrombpnet_model_feb22_fold_0/bias_model/evaluation/ENCSR856NXV_overall_report.html	https://mitra.stanford.edu/kundaje/anusri/chromatin_atlas_failed/ENCSR856NXV/chrombpnet_model_feb22_fold_0/chrombpnet_model/evaluation/ENCSR856NXV_overall_report.html	stage3_bias_models_thresh_0.4.txt
ENCSR813CKU	https://mitra.stanford.edu/kundaje/anusri/chromatin_atlas_failed/ENCSR813CKU/chrombpnet_model_feb22_fold_0/bias_model/evaluation/ENCSR813CKU_overall_report.html	https://mitra.stanford.edu/kundaje/anusri/chromatin_atlas_failed/ENCSR813CKU/chrombpnet_model_feb22_fold_0/chrombpnet_model/evaluation/ENCSR813CKU_overall_report.html	stage3_bias_models_thresh_0.4.txt
ENCSR964VVW	https://mitra.stanford.edu/kundaje/anusri/chromatin_atlas_failed/ENCSR964VVW/chrombpnet_model_feb22_fold_0/bias_model/evaluation/ENCSR964VVW_overall_report.html	https://mitra.stanford.edu/kundaje/anusri/chromatin_atlas_failed/ENCSR964VVW/chrombpnet_model_feb22_fold_0/chrombpnet_model/evaluation/ENCSR964VVW_overall_report.html	stage3_bias_models_thresh_0.4.txt
ENCSR312INU	https://mitra.stanford.edu/kundaje/anusri/chromatin_atlas_failed/ENCSR312INU/chrombpnet_model_feb20_fold_0/bias_model/evaluation/ENCSR312INU_overall_report.html	no model	recheck_set_and_some_extras_0.6.txt
ENCSR746RDJ	https://mitra.stanford.edu/kundaje/anusri/chromatin_atlas_failed/ENCSR746RDJ/chrombpnet_model_feb20_fold_0/bias_model/evaluation/ENCSR746RDJ_overall_report.html	no model	recheck_set_and_some_extras_0.6.txt
ENCSR092OFK	https://mitra.stanford.edu/kundaje/anusri/chromatin_atlas_failed/ENCSR092OFK/chrombpnet_model_feb20_fold_0/bias_model/evaluation/ENCSR092OFK_overall_report.html	no model	recheck_set_and_some_extras_0.6.txt
ENCSR000EPM	https://mitra.stanford.edu/kundaje/anusri/chromatin_atlas_failed/ENCSR000EPM/chrombpnet_model_feb20_fold_0/bias_model/evaluation/ENCSR000EPM_overall_report.html	no model	recheck_set_and_some_extras_0.6.txt
ENCSR062DUU	https://mitra.stanford.edu/kundaje/anusri/chromatin_atlas_failed/ENCSR062DUU/chrombpnet_model_feb20_fold_0/bias_model/evaluation/ENCSR062DUU_overall_report.html	no model	recheck_set_and_some_extras_0.6.txt
ENCSR163PKT	https://mitra.stanford.edu/kundaje/anusri/chromatin_atlas_failed/ENCSR163PKT/chrombpnet_model_feb20_fold_0/bias_model/evaluation/ENCSR163PKT_overall_report.html	no model	recheck_set_and_some_extras_0.6.txt
ENCSR000EQK	https://mitra.stanford.edu/kundaje/anusri/chromatin_atlas_failed/ENCSR000EQK/chrombpnet_model_feb20_fold_0/bias_model/evaluation/ENCSR000EQK_overall_report.html	no model	recheck_set_and_some_extras_0.6.txt
ENCSR000EMM	https://mitra.stanford.edu/kundaje/anusri/chromatin_atlas_failed/ENCSR000EMM/chrombpnet_model_feb20_fold_0/bias_model/evaluation/ENCSR000EMM_overall_report.html	no model	recheck_set_and_some_extras_0.6.txt
ENCSR070CMW	https://mitra.stanford.edu/kundaje/anusri/chromatin_atlas_failed/ENCSR070CMW/chrombpnet_model_feb20_fold_0/bias_model/evaluation/ENCSR070CMW_overall_report.html	no model	recheck_set_and_some_extras_0.6.txt
ENCSR718AAB	https://mitra.stanford.edu/kundaje/anusri/chromatin_atlas_failed/ENCSR718AAB/chrombpnet_model_feb20_fold_0/bias_model/evaluation/ENCSR718AAB_overall_report.html	no model	recheck_set_and_some_extras_0.6.txt
ENCSR829MXU	https://mitra.stanford.edu/kundaje/anusri/chromatin_atlas_failed/ENCSR829MXU/chrombpnet_model_feb20_fold_0/bias_model/evaluation/ENCSR829MXU_overall_report.html	no model	recheck_set_and_some_extras_0.6.txt
ENCSR988YKR	https://mitra.stanford.edu/kundaje/anusri/chromatin_atlas_failed/ENCSR988YKR/chrombpnet_model_feb20_fold_0/bias_model/evaluation/ENCSR988YKR_overall_report.html	no model	recheck_set_and_some_extras_0.6.txt
ENCSR544KDB	https://mitra.stanford.edu/kundaje/anusri/chromatin_atlas_failed/ENCSR544KDB/chrombpnet_model_feb20_fold_0/bias_model/evaluation/ENCSR544KDB_overall_report.html	no model	recheck_set_and_some_extras_0.6.txt
ENCSR278FVO	https://mitra.stanford.edu/kundaje/anusri/chromatin_atlas_failed/ENCSR278FVO/chrombpnet_model_feb20_fold_0/bias_model/evaluation/ENCSR278FVO_overall_report.html	no model	recheck_set_and_some_extras_0.6.txt
ENCSR172PVJ	https://mitra.stanford.edu/kundaje/anusri/chromatin_atlas_failed/ENCSR172PVJ/chrombpnet_model_feb20_fold_0/bias_model/evaluation/ENCSR172PVJ_overall_report.html	no model	recheck_set_and_some_extras_0.6.txt
ENCSR329FHR	https://mitra.stanford.edu/kundaje/anusri/chromatin_atlas_failed/ENCSR329FHR/chrombpnet_model_feb20_fold_0/bias_model/evaluation/ENCSR329FHR_overall_report.html	no model	recheck_set_and_some_extras_0.6.txt
ENCSR888UPQ	https://mitra.stanford.edu/kundaje/anusri/chromatin_atlas_failed/ENCSR888UPQ/chrombpnet_model_feb20_fold_0/bias_model/evaluation/ENCSR888UPQ_overall_report.html	no model	recheck_set_and_some_extras_0.6.txt
ENCSR840TVG	https://mitra.stanford.edu/kundaje/anusri/chromatin_atlas_failed/ENCSR840TVG/chrombpnet_model_feb20_fold_0/bias_model/evaluation/ENCSR840TVG_overall_report.html	no model	recheck_set_and_some_extras_0.6.txt
ENCSR419KXU	https://mitra.stanford.edu/kundaje/anusri/chromatin_atlas_failed/ENCSR419KXU/chrombpnet_model_feb20_fold_0/bias_model/evaluation/ENCSR419KXU_overall_report.html	no model	recheck_set_and_some_extras_0.6.txt
ENCSR246PXX	https://mitra.stanford.edu/kundaje/anusri/chromatin_atlas_failed/ENCSR246PXX/chrombpnet_model_feb20_fold_0/bias_model/evaluation/ENCSR246PXX_overall_report.html	no model	recheck_set_and_some_extras_0.6.txt
ENCSR249RFY	https://mitra.stanford.edu/kundaje/anusri/chromatin_atlas_failed/ENCSR249RFY/chrombpnet_model_feb20_fold_0/bias_model/evaluation/	no model	recheck_set_and_some_extras_0.6.txt
ENCSR060HPL	https://mitra.stanford.edu/kundaje/anusri/chromatin_atlas_failed/ENCSR060HPL/chrombpnet_model_feb20_fold_0/bias_model/evaluation/ENCSR060HPL_overall_report.html	no model	recheck_set_and_some_extras_0.6.txt
ENCSR171ADO	https://mitra.stanford.edu/kundaje/anusri/chromatin_atlas_failed/ENCSR171ADO/chrombpnet_model_feb20_fold_0/bias_model/evaluation/ENCSR171ADO_overall_report.html	no model	recheck_set_and_some_extras_0.6.txt
ENCSR723JLG	https://mitra.stanford.edu/kundaje/anusri/chromatin_atlas_failed/ENCSR723JLG/chrombpnet_model_feb20_fold_0/bias_model/evaluation/ENCSR723JLG_overall_report.html	no model	recheck_set_and_some_extras_0.6.txt
ENCSR178JBL	https://mitra.stanford.edu/kundaje/anusri/chromatin_atlas_failed/ENCSR178JBL/chrombpnet_model_feb20_fold_0/bias_model/evaluation/ENCSR178JBL_overall_report.html	no model	recheck_set_and_some_extras_0.6.txt
ENCSR896LMT	https://mitra.stanford.edu/kundaje/anusri/chromatin_atlas_failed/ENCSR896LMT/chrombpnet_model_feb20_fold_0/bias_model/evaluation/ENCSR896LMT_overall_report.html	no model	recheck_set_and_some_extras_0.6.txt
ENCSR982XOK	https://mitra.stanford.edu/kundaje/anusri/chromatin_atlas_failed/ENCSR982XOK/chrombpnet_model_feb20_fold_0/bias_model/evaluation/ENCSR982XOK_overall_report.html	no model	recheck_set_and_some_extras_0.6.txt
ENCSR047FNH	https://mitra.stanford.edu/kundaje/anusri/chromatin_atlas_failed/ENCSR047FNH/chrombpnet_model_feb20_fold_0/bias_model/evaluation/	no model	recheck_set_and_some_extras_0.6.txt
ENCSR493VDS	https://mitra.stanford.edu/kundaje/anusri/chromatin_atlas_failed/ENCSR493VDS/chrombpnet_model_feb20_fold_0/bias_model/evaluation/ENCSR493VDS_overall_report.html	no model	recheck_set_and_some_extras_0.6.txt
ENCSR579KDC	https://mitra.stanford.edu/kundaje/anusri/chromatin_atlas_failed/ENCSR579KDC/chrombpnet_model_feb20_fold_0/bias_model/evaluation/ENCSR579KDC_overall_report.html	no model	recheck_set_and_some_extras_0.6.txt
ENCSR930YSB	https://mitra.stanford.edu/kundaje/anusri/chromatin_atlas_failed/ENCSR930YSB/chrombpnet_model_feb20_fold_0/bias_model/evaluation/ENCSR930YSB_overall_report.html	no model	recheck_set_and_some_extras_0.6.txt
ENCSR874CAK	https://mitra.stanford.edu/kundaje/anusri/chromatin_atlas_failed/ENCSR874CAK/chrombpnet_model_feb20_fold_0/bias_model/evaluation/ENCSR874CAK_overall_report.html	no model	recheck_set_and_some_extras_0.6.txt
ENCSR712PYJ	https://mitra.stanford.edu/kundaje/anusri/chromatin_atlas_failed/ENCSR712PYJ/chrombpnet_model_feb20_fold_0/bias_model/evaluation/ENCSR712PYJ_overall_report.html	no model	recheck_set_and_some_extras_0.6.txt
ENCSR083HYP	https://mitra.stanford.edu/kundaje/anusri/chromatin_atlas_failed/ENCSR083HYP/chrombpnet_model_feb20_fold_0/bias_model/evaluation/ENCSR083HYP_overall_report.html	no model	recheck_set_and_some_extras_0.6.txt
ENCSR788SOI	https://mitra.stanford.edu/kundaje/anusri/chromatin_atlas_failed/ENCSR788SOI/chrombpnet_model_feb20_fold_0/bias_model/evaluation/ENCSR788SOI_overall_report.html	no model	recheck_set_and_some_extras_0.6.txt
ENCSR683YLO	https://mitra.stanford.edu/kundaje/anusri/chromatin_atlas_failed/ENCSR683YLO/chrombpnet_model_feb20_fold_0/bias_model/evaluation/ENCSR683YLO_overall_report.html	no model	recheck_set_and_some_extras_0.6.txt
ENCSR995YPS	https://mitra.stanford.edu/kundaje/anusri/chromatin_atlas_failed/ENCSR995YPS/chrombpnet_model_feb20_fold_0/bias_model/evaluation/ENCSR995YPS_overall_report.html	no model	recheck_set_and_some_extras_0.6.txt
ENCSR856QJX	https://mitra.stanford.edu/kundaje/anusri/chromatin_atlas_failed/ENCSR856QJX/chrombpnet_model_feb20_fold_0/bias_model/evaluation/ENCSR856QJX_overall_report.html	no model	recheck_set_and_some_extras_0.6.txt
ENCSR511GQA	https://mitra.stanford.edu/kundaje/anusri/chromatin_atlas_failed/ENCSR511GQA/chrombpnet_model_feb20_fold_0/bias_model/evaluation/ENCSR511GQA_overall_report.html	no model	recheck_set_and_some_extras_0.6.txt
ENCSR428XAX	https://mitra.stanford.edu/kundaje/anusri/chromatin_atlas_failed/ENCSR428XAX/chrombpnet_model_feb20_fold_0/bias_model/evaluation/ENCSR428XAX_overall_report.html	no model	recheck_set_and_some_extras_0.6.txt
ENCSR356QCD	https://mitra.stanford.edu/kundaje/anusri/chromatin_atlas_failed/ENCSR356QCD/chrombpnet_model_feb20_fold_0/bias_model/evaluation/ENCSR356QCD_overall_report.html	no model	recheck_set_and_some_extras_0.6.txt
ENCSR627KFV	https://mitra.stanford.edu/kundaje/anusri/chromatin_atlas_failed/ENCSR627KFV/chrombpnet_model_feb20_fold_0/bias_model/evaluation/ENCSR627KFV_overall_report.html	no model	recheck_set_and_some_extras_0.6.txt
ENCSR658EHM	https://mitra.stanford.edu/kundaje/anusri/chromatin_atlas_failed/ENCSR658EHM/chrombpnet_model_feb20_fold_0/bias_model/evaluation/ENCSR658EHM_overall_report.html	no model	recheck_set_and_some_extras_0.6.txt
ENCSR820ICX	https://mitra.stanford.edu/kundaje/anusri/chromatin_atlas_failed/ENCSR820ICX/chrombpnet_model_feb20_fold_0/bias_model/evaluation/ENCSR820ICX_overall_report.html	no model	recheck_set_and_some_extras_0.6.txt
ENCSR670MKJ	https://mitra.stanford.edu/kundaje/anusri/chromatin_atlas_failed/ENCSR670MKJ/chrombpnet_model_feb20_fold_0/bias_model/evaluation/ENCSR670MKJ_overall_report.html	no model	recheck_set_and_some_extras_0.6.txt
ENCSR962EAP	https://mitra.stanford.edu/kundaje/anusri/chromatin_atlas_failed/ENCSR962EAP/chrombpnet_model_feb20_fold_0/bias_model/evaluation/ENCSR962EAP_overall_report.html	no model	recheck_set_and_some_extras_0.6.txt
ENCSR986HEN	https://mitra.stanford.edu/kundaje/anusri/chromatin_atlas_failed/ENCSR986HEN/chrombpnet_model_feb20_fold_0/bias_model/evaluation/ENCSR986HEN_overall_report.html	no model	recheck_set_and_some_extras_0.6.txt
ENCSR320SVK	https://mitra.stanford.edu/kundaje/anusri/chromatin_atlas_failed/ENCSR320SVK/chrombpnet_model_feb20_fold_0/bias_model/evaluation/ENCSR320SVK_overall_report.html	no model	recheck_set_and_some_extras_0.6.txt
ENCSR254AGA	https://mitra.stanford.edu/kundaje/anusri/chromatin_atlas_failed/ENCSR254AGA/chrombpnet_model_feb20_fold_0/bias_model/evaluation/ENCSR254AGA_overall_report.html	no model	recheck_set_and_some_extras_0.6.txt
ENCSR356RNZ	https://mitra.stanford.edu/kundaje/anusri/chromatin_atlas_failed/ENCSR356RNZ/chrombpnet_model_feb20_fold_0/bias_model/evaluation/ENCSR356RNZ_overall_report.html	no model	recheck_set_and_some_extras_0.6.txt
ENCSR726YMS	https://mitra.stanford.edu/kundaje/anusri/chromatin_atlas_failed/ENCSR726YMS/chrombpnet_model_feb20_fold_0/bias_model/evaluation/ENCSR726YMS_overall_report.html	no model	recheck_set_and_some_extras_0.6.txt
ENCSR951XEN	https://mitra.stanford.edu/kundaje/anusri/chromatin_atlas_failed/ENCSR951XEN/chrombpnet_model_feb20_fold_0/bias_model/evaluation/ENCSR951XEN_overall_report.html	no model	recheck_set_and_some_extras_0.6.txt
ENCSR788IZL	https://mitra.stanford.edu/kundaje/anusri/chromatin_atlas_failed/ENCSR788IZL/chrombpnet_model_feb20_fold_0/bias_model/evaluation/ENCSR788IZL_overall_report.html	no model	recheck_set_and_some_extras_0.6.txt
ENCSR411MGY	https://mitra.stanford.edu/kundaje/anusri/chromatin_atlas_failed/ENCSR411MGY/chrombpnet_model_feb20_fold_0/bias_model/evaluation/ENCSR411MGY_overall_report.html	no model	recheck_set_and_some_extras_0.6.txt
ENCSR615WIN	https://mitra.stanford.edu/kundaje/anusri/chromatin_atlas_failed/ENCSR615WIN/chrombpnet_model_feb20_fold_0/bias_model/evaluation/ENCSR615WIN_overall_report.html	no model	recheck_set_and_some_extras_0.6.txt
ENCSR973MKT	https://mitra.stanford.edu/kundaje/anusri/chromatin_atlas_failed/ENCSR973MKT/chrombpnet_model_feb20_fold_0/bias_model/evaluation/	no model	recheck_set_and_some_extras_0.6.txt
ENCSR342NCX	https://mitra.stanford.edu/kundaje/anusri/chromatin_atlas_failed/ENCSR342NCX/chrombpnet_model_feb20_fold_0/bias_model/evaluation/ENCSR342NCX_overall_report.html	no model	recheck_set_and_some_extras_0.6.txt
ENCSR752NTF	https://mitra.stanford.edu/kundaje/anusri/chromatin_atlas_failed/ENCSR752NTF/chrombpnet_model_feb20_fold_0/bias_model/evaluation/ENCSR752NTF_overall_report.html	no model	recheck_set_and_some_extras_0.6.txt
ENCSR682PKY	https://mitra.stanford.edu/kundaje/anusri/chromatin_atlas_failed/ENCSR682PKY/chrombpnet_model_feb20_fold_0/bias_model/evaluation/ENCSR682PKY_overall_report.html	no model	recheck_set_and_some_extras_0.6.txt
ENCSR101QXF	https://mitra.stanford.edu/kundaje/anusri/chromatin_atlas_failed/ENCSR101QXF/chrombpnet_model_feb20_fold_0/bias_model/evaluation/	no model	recheck_set_and_some_extras_0.6.txt
ENCSR720FVJ	https://mitra.stanford.edu/kundaje/anusri/chromatin_atlas_failed/ENCSR720FVJ/chrombpnet_model_feb20_fold_0/bias_model/evaluation/	no model	recheck_set_and_some_extras_0.6.txt
ENCSR282QFE	https://mitra.stanford.edu/kundaje/anusri/chromatin_atlas_failed/ENCSR282QFE/chrombpnet_model_feb20_fold_0/bias_model/evaluation/	no model	recheck_set_and_some_extras_0.6.txt
ENCSR860NDZ	https://mitra.stanford.edu/kundaje/anusri/chromatin_atlas_failed/ENCSR860NDZ/chrombpnet_model_feb20_fold_0/bias_model/evaluation/	no model	recheck_set_and_some_extras_0.6.txt
ENCSR956ZHU	https://mitra.stanford.edu/kundaje/anusri/chromatin_atlas_failed/ENCSR956ZHU/chrombpnet_model_feb20_fold_0/bias_model/evaluation/ENCSR956ZHU_overall_report.html	no model	recheck_set_and_some_extras_0.6.txt
ENCSR076YBB	https://mitra.stanford.edu/kundaje/anusri/chromatin_atlas_failed/ENCSR076YBB/chrombpnet_model_feb20_fold_0/bias_model/evaluation/ENCSR076YBB_overall_report.html	no model	recheck_set_and_some_extras_0.6.txt
ENCSR127PWK	https://mitra.stanford.edu/kundaje/anusri/chromatin_atlas_failed/ENCSR127PWK/chrombpnet_model_feb20_fold_0/bias_model/evaluation/	no model	recheck_set_and_some_extras_0.6.txt
ENCSR452EGE	https://mitra.stanford.edu/kundaje/anusri/chromatin_atlas_failed/ENCSR452EGE/chrombpnet_model_feb20_fold_0/bias_model/evaluation/	no model	recheck_set_and_some_extras_0.6.txt
ENCSR729DRB	https://mitra.stanford.edu/kundaje/anusri/chromatin_atlas_failed/ENCSR729DRB/chrombpnet_model_feb20_fold_0/bias_model/evaluation/ENCSR729DRB_overall_report.html	no model	recheck_set_and_some_extras_0.6.txt
ENCSR645GJD	https://mitra.stanford.edu/kundaje/anusri/chromatin_atlas_failed/ENCSR645GJD/chrombpnet_model_feb20_fold_0/bias_model/evaluation/ENCSR645GJD_overall_report.html	no model	recheck_set_and_some_extras_0.6.txt
ENCSR828RNY	https://mitra.stanford.edu/kundaje/anusri/chromatin_atlas_failed/ENCSR828RNY/chrombpnet_model_feb20_fold_0/bias_model/evaluation/ENCSR828RNY_overall_report.html	no model	recheck_set_and_some_extras_0.6.txt
ENCSR872IXQ	https://mitra.stanford.edu/kundaje/anusri/chromatin_atlas_failed/ENCSR872IXQ/chrombpnet_model_feb20_fold_0/bias_model/evaluation/ENCSR872IXQ_overall_report.html	no model	recheck_set_and_some_extras_0.6.txt
ENCSR364TKL	https://mitra.stanford.edu/kundaje/anusri/chromatin_atlas_failed/ENCSR364TKL/chrombpnet_model_feb20_fold_0/bias_model/evaluation/ENCSR364TKL_overall_report.html	no model	recheck_set_and_some_extras_0.6.txt
ENCSR884MCZ	https://mitra.stanford.edu/kundaje/anusri/chromatin_atlas_failed/ENCSR884MCZ/chrombpnet_model_feb20_fold_0/bias_model/evaluation/ENCSR884MCZ_overall_report.html	no model	recheck_set_and_some_extras_0.6.txt
ENCSR761ZFA	https://mitra.stanford.edu/kundaje/anusri/chromatin_atlas_failed/ENCSR761ZFA/chrombpnet_model_feb20_fold_0/bias_model/evaluation/ENCSR761ZFA_overall_report.html	no model	recheck_set_and_some_extras_0.6.txt
ENCSR366EQH	https://mitra.stanford.edu/kundaje/anusri/chromatin_atlas_failed/ENCSR366EQH/chrombpnet_model_feb20_fold_0/bias_model/evaluation/ENCSR366EQH_overall_report.html	no model	recheck_set_and_some_extras_0.6.txt
ENCSR438TWI	https://mitra.stanford.edu/kundaje/anusri/chromatin_atlas_failed/ENCSR438TWI/chrombpnet_model_feb20_fold_0/bias_model/evaluation/ENCSR438TWI_overall_report.html	no model	recheck_set_and_some_extras_0.6.txt
ENCSR989YIV	https://mitra.stanford.edu/kundaje/anusri/chromatin_atlas_failed/ENCSR989YIV/chrombpnet_model_feb20_fold_0/bias_model/evaluation/ENCSR989YIV_overall_report.html	no model	recheck_set_and_some_extras_0.6.txt
ENCSR945RWN	https://mitra.stanford.edu/kundaje/anusri/chromatin_atlas_failed/ENCSR945RWN/chrombpnet_model_feb20_fold_0/bias_model/evaluation/ENCSR945RWN_overall_report.html	no model	recheck_set_and_some_extras_0.6.txt
ENCSR006IJP	https://mitra.stanford.edu/kundaje/anusri/chromatin_atlas_failed/ENCSR006IJP/chrombpnet_model_feb20_fold_0/bias_model/evaluation/ENCSR006IJP_overall_report.html	no model	recheck_set_and_some_extras_0.6.txt
ENCSR444VTC	https://mitra.stanford.edu/kundaje/anusri/chromatin_atlas_failed/ENCSR444VTC/chrombpnet_model_feb20_fold_0/bias_model/evaluation/ENCSR444VTC_overall_report.html	no model	recheck_set_and_some_extras_0.6.txt
ENCSR476SDZ	https://mitra.stanford.edu/kundaje/anusri/chromatin_atlas_failed/ENCSR476SDZ/chrombpnet_model_feb20_fold_0/bias_model/evaluation/ENCSR476SDZ_overall_report.html	no model	recheck_set_and_some_extras_0.6.txt
ENCSR804RSI	https://mitra.stanford.edu/kundaje/anusri/chromatin_atlas_failed/ENCSR804RSI/chrombpnet_model_feb20_fold_0/bias_model/evaluation/ENCSR804RSI_overall_report.html	no model	recheck_set_and_some_extras_0.6.txt
ENCSR531HPD	https://mitra.stanford.edu/kundaje/anusri/chromatin_atlas_failed/ENCSR531HPD/chrombpnet_model_feb20_fold_0/bias_model/evaluation/ENCSR531HPD_overall_report.html	no model	recheck_set_and_some_extras_0.6.txt
ENCSR594OWA	https://mitra.stanford.edu/kundaje/anusri/chromatin_atlas_failed/ENCSR594OWA/chrombpnet_model_feb20_fold_0/bias_model/evaluation/ENCSR594OWA_overall_report.html	no model	recheck_set_and_some_extras_0.6.txt
ENCSR953XJU	https://mitra.stanford.edu/kundaje/anusri/chromatin_atlas_failed/ENCSR953XJU/chrombpnet_model_feb20_fold_0/bias_model/evaluation/ENCSR953XJU_overall_report.html	no model	recheck_set_and_some_extras_0.6.txt
ENCSR036VRV	https://mitra.stanford.edu/kundaje/anusri/chromatin_atlas_failed/ENCSR036VRV/chrombpnet_model_feb20_fold_0/bias_model/evaluation/ENCSR036VRV_overall_report.html	no model	recheck_set_and_some_extras_0.6.txt
ENCSR600RAA	https://mitra.stanford.edu/kundaje/anusri/chromatin_atlas_failed/ENCSR600RAA/chrombpnet_model_feb20_fold_0/bias_model/evaluation/ENCSR600RAA_overall_report.html	no model	recheck_set_and_some_extras_0.6.txt
ENCSR753QKD	https://mitra.stanford.edu/kundaje/anusri/chromatin_atlas_failed/ENCSR753QKD/chrombpnet_model_feb20_fold_0/bias_model/evaluation/ENCSR753QKD_overall_report.html	no model	recheck_set_and_some_extras_0.6.txt
ENCSR960EJV	https://mitra.stanford.edu/kundaje/anusri/chromatin_atlas_failed/ENCSR960EJV/chrombpnet_model_feb20_fold_0/bias_model/evaluation/ENCSR960EJV_overall_report.html	no model	recheck_set_and_some_extras_0.6.txt
ENCSR606UAR	https://mitra.stanford.edu/kundaje/anusri/chromatin_atlas_failed/ENCSR606UAR/chrombpnet_model_feb20_fold_0/bias_model/evaluation/ENCSR606UAR_overall_report.html	no model	recheck_set_and_some_extras_0.6.txt
ENCSR010ZMK	https://mitra.stanford.edu/kundaje/anusri/chromatin_atlas_failed/ENCSR010ZMK/chrombpnet_model_feb20_fold_0/bias_model/evaluation/ENCSR010ZMK_overall_report.html	no model	recheck_set_and_some_extras_0.6.txt
ENCSR507GFJ	https://mitra.stanford.edu/kundaje/anusri/chromatin_atlas_failed/ENCSR507GFJ/chrombpnet_model_feb20_fold_0/bias_model/evaluation/ENCSR507GFJ_overall_report.html	no model	recheck_set_and_some_extras_0.6.txt
ENCSR295DUI	https://mitra.stanford.edu/kundaje/anusri/chromatin_atlas_failed/ENCSR295DUI/chrombpnet_model_feb20_fold_0/bias_model/evaluation/ENCSR295DUI_overall_report.html	no model	recheck_set_and_some_extras_0.6.txt
ENCSR517NHP	https://mitra.stanford.edu/kundaje/anusri/chromatin_atlas_failed/ENCSR517NHP/chrombpnet_model_feb20_fold_0/bias_model/evaluation/ENCSR517NHP_overall_report.html	no model	recheck_set_and_some_extras_0.6.txt
ENCSR488PHT	https://mitra.stanford.edu/kundaje/anusri/chromatin_atlas_failed/ENCSR488PHT/chrombpnet_model_feb20_fold_0/bias_model/evaluation/ENCSR488PHT_overall_report.html	no model	recheck_set_and_some_extras_0.6.txt
ENCSR174GXG	https://mitra.stanford.edu/kundaje/anusri/chromatin_atlas_failed/ENCSR174GXG/chrombpnet_model_feb20_fold_0/bias_model/evaluation/	no model	recheck_set_and_some_extras_0.6.txt
ENCSR286WIA	https://mitra.stanford.edu/kundaje/anusri/chromatin_atlas_failed/ENCSR286WIA/chrombpnet_model_feb20_fold_0/bias_model/evaluation/ENCSR286WIA_overall_report.html	no model	recheck_set_and_some_extras_0.6.txt
ENCSR649PJN	https://mitra.stanford.edu/kundaje/anusri/chromatin_atlas_failed/ENCSR649PJN/chrombpnet_model_feb20_fold_0/bias_model/evaluation/ENCSR649PJN_overall_report.html	no model	recheck_set_and_some_extras_0.6.txt
ENCSR861NUH	https://mitra.stanford.edu/kundaje/anusri/chromatin_atlas_failed/ENCSR861NUH/chrombpnet_model_feb20_fold_0/bias_model/evaluation/ENCSR861NUH_overall_report.html	no model	recheck_set_and_some_extras_0.6.txt
ENCSR268QCH	https://mitra.stanford.edu/kundaje/anusri/chromatin_atlas_failed/ENCSR268QCH/chrombpnet_model_feb20_fold_0/bias_model/evaluation/ENCSR268QCH_overall_report.html	no model	recheck_set_and_some_extras_0.6.txt
ENCSR294QCR	https://mitra.stanford.edu/kundaje/anusri/chromatin_atlas_failed/ENCSR294QCR/chrombpnet_model_feb20_fold_0/bias_model/evaluation/ENCSR294QCR_overall_report.html	no model	recheck_set_and_some_extras_0.6.txt
ENCSR928SYE	https://mitra.stanford.edu/kundaje/anusri/chromatin_atlas_failed/ENCSR928SYE/chrombpnet_model_feb20_fold_0/bias_model/evaluation/ENCSR928SYE_overall_report.html	no model	recheck_set_and_some_extras_0.6.txt
ENCSR017TFH	https://mitra.stanford.edu/kundaje/anusri/chromatin_atlas_failed/ENCSR017TFH/chrombpnet_model_feb20_fold_0/bias_model/evaluation/ENCSR017TFH_overall_report.html	no model	recheck_set_and_some_extras_0.6.txt
ENCSR955RQG	https://mitra.stanford.edu/kundaje/anusri/chromatin_atlas_failed/ENCSR955RQG/chrombpnet_model_feb20_fold_0/bias_model/evaluation/ENCSR955RQG_overall_report.html	no model	recheck_set_and_some_extras_0.6.txt
ENCSR440FZS	https://mitra.stanford.edu/kundaje/anusri/chromatin_atlas_failed/ENCSR440FZS/chrombpnet_model_feb20_fold_0/bias_model/evaluation/ENCSR440FZS_overall_report.html	no model	recheck_set_and_some_extras_0.6.txt
ENCSR457ILW	https://mitra.stanford.edu/kundaje/anusri/chromatin_atlas_failed/ENCSR457ILW/chrombpnet_model_feb20_fold_0/bias_model/evaluation/ENCSR457ILW_overall_report.html	no model	recheck_set_and_some_extras_0.6.txt
ENCSR820XRX	https://mitra.stanford.edu/kundaje/anusri/chromatin_atlas_failed/ENCSR820XRX/chrombpnet_model_feb20_fold_0/bias_model/evaluation/ENCSR820XRX_overall_report.html	no model	recheck_set_and_some_extras_0.6.txt
ENCSR445XYW	https://mitra.stanford.edu/kundaje/anusri/chromatin_atlas_failed/ENCSR445XYW/chrombpnet_model_feb20_fold_0/bias_model/evaluation/ENCSR445XYW_overall_report.html	no model	recheck_set_and_some_extras_0.6.txt
ENCSR006XED	https://mitra.stanford.edu/kundaje/anusri/chromatin_atlas_failed/ENCSR006XED/chrombpnet_model_feb20_fold_0/bias_model/evaluation/ENCSR006XED_overall_report.html	no model	recheck_set_and_some_extras_0.6.txt
ENCSR193LYA	https://mitra.stanford.edu/kundaje/anusri/chromatin_atlas_failed/ENCSR193LYA/chrombpnet_model_feb20_fold_0/bias_model/evaluation/ENCSR193LYA_overall_report.html	no model	recheck_set_and_some_extras_0.6.txt
ENCSR747RGR	https://mitra.stanford.edu/kundaje/anusri/chromatin_atlas_failed/ENCSR747RGR/chrombpnet_model_feb20_fold_0/bias_model/evaluation/ENCSR747RGR_overall_report.html	no model	recheck_set_and_some_extras_0.6.txt
ENCSR803VCR	https://mitra.stanford.edu/kundaje/anusri/chromatin_atlas_failed/ENCSR803VCR/chrombpnet_model_feb20_fold_0/bias_model/evaluation/ENCSR803VCR_overall_report.html	no model	recheck_set_and_some_extras_0.6.txt
ENCSR297ORG	https://mitra.stanford.edu/kundaje/anusri/chromatin_atlas_failed/ENCSR297ORG/chrombpnet_model_feb20_fold_0/bias_model/evaluation/ENCSR297ORG_overall_report.html	no model	recheck_set_and_some_extras_0.6.txt
ENCSR332BSB	https://mitra.stanford.edu/kundaje/anusri/chromatin_atlas_failed/ENCSR332BSB/chrombpnet_model_feb20_fold_0/bias_model/evaluation/ENCSR332BSB_overall_report.html	no model	recheck_set_and_some_extras_0.6.txt
ENCSR774RCO	https://mitra.stanford.edu/kundaje/anusri/chromatin_atlas_failed/ENCSR774RCO/chrombpnet_model_feb20_fold_0/bias_model/evaluation/ENCSR774RCO_overall_report.html	no model	recheck_set_and_some_extras_0.6.txt
ENCSR385AMY	https://mitra.stanford.edu/kundaje/anusri/chromatin_atlas_failed/ENCSR385AMY/chrombpnet_model_feb20_fold_0/bias_model/evaluation/ENCSR385AMY_overall_report.html	no model	recheck_set_and_some_extras_0.6.txt
ENCSR859KGQ	https://mitra.stanford.edu/kundaje/anusri/chromatin_atlas_failed/ENCSR859KGQ/chrombpnet_model_feb20_fold_0/bias_model/evaluation/ENCSR859KGQ_overall_report.html	no model	recheck_set_and_some_extras_0.6.txt
ENCSR299INS	https://mitra.stanford.edu/kundaje/anusri/chromatin_atlas_failed/ENCSR299INS/chrombpnet_model_feb20_fold_0/bias_model/evaluation/	no model	recheck_set_and_some_extras_0.6.txt
ENCSR589HAC	https://mitra.stanford.edu/kundaje/anusri/chromatin_atlas_failed/ENCSR589HAC/chrombpnet_model_feb20_fold_0/bias_model/evaluation/ENCSR589HAC_overall_report.html	no model	recheck_set_and_some_extras_0.6.txt
ENCSR009MDC	https://mitra.stanford.edu/kundaje/anusri/chromatin_atlas_failed/ENCSR009MDC/chrombpnet_model_feb20_fold_0/bias_model/evaluation/ENCSR009MDC_overall_report.html	no model	recheck_set_and_some_extras_0.6.txt
ENCSR263IGU	https://mitra.stanford.edu/kundaje/anusri/chromatin_atlas_failed/ENCSR263IGU/chrombpnet_model_feb20_fold_0/bias_model/evaluation/ENCSR263IGU_overall_report.html	no model	recheck_set_and_some_extras_0.6.txt
ENCSR064GBK	https://mitra.stanford.edu/kundaje/anusri/chromatin_atlas_failed/ENCSR064GBK/chrombpnet_model_feb20_fold_0/bias_model/evaluation/ENCSR064GBK_overall_report.html	no model	recheck_set_and_some_extras_0.6.txt
ENCSR237BOF	https://mitra.stanford.edu/kundaje/anusri/chromatin_atlas_failed/ENCSR237BOF/chrombpnet_model_feb20_fold_0/bias_model/evaluation/ENCSR237BOF_overall_report.html	no model	recheck_set_and_some_extras_0.6.txt
ENCSR820WLP	https://mitra.stanford.edu/kundaje/anusri/chromatin_atlas_failed/ENCSR820WLP/chrombpnet_model_feb20_fold_0/bias_model/evaluation/ENCSR820WLP_overall_report.html	no model	recheck_set_and_some_extras_0.6.txt
ENCSR000EQE	https://mitra.stanford.edu/kundaje/anusri/chromatin_atlas_failed/ENCSR000EQE/chrombpnet_model_feb20_fold_0/bias_model/evaluation/ENCSR000EQE_overall_report.html	no model	recheck_set_and_some_extras_0.6.txt
ENCSR095GWE	https://mitra.stanford.edu/kundaje/anusri/chromatin_atlas_failed/ENCSR095GWE/chrombpnet_model_feb20_fold_0/bias_model/evaluation/ENCSR095GWE_overall_report.html	no model	recheck_set_and_some_extras_0.6.txt
ENCSR575VMI	https://mitra.stanford.edu/kundaje/anusri/chromatin_atlas_failed/ENCSR575VMI/chrombpnet_model_feb20_fold_0/bias_model/evaluation/ENCSR575VMI_overall_report.html	no model	recheck_set_and_some_extras_0.6.txt
ENCSR627NIF	https://mitra.stanford.edu/kundaje/anusri/chromatin_atlas_failed/ENCSR627NIF/chrombpnet_model_feb20_fold_0/bias_model/evaluation/ENCSR627NIF_overall_report.html	no model	recheck_set_and_some_extras_0.6.txt
ENCSR771DAX	https://mitra.stanford.edu/kundaje/anusri/chromatin_atlas_failed/ENCSR771DAX/chrombpnet_model_feb20_fold_0/bias_model/evaluation/ENCSR771DAX_overall_report.html	no model	recheck_set_and_some_extras_0.6.txt
ENCSR503HIB	https://mitra.stanford.edu/kundaje/anusri/chromatin_atlas_failed/ENCSR503HIB/chrombpnet_model_feb20_fold_0/bias_model/evaluation/ENCSR503HIB_overall_report.html	no model	recheck_set_and_some_extras_0.6.txt
ENCSR749BWV	https://mitra.stanford.edu/kundaje/anusri/chromatin_atlas_failed/ENCSR749BWV/chrombpnet_model_feb20_fold_0/bias_model/evaluation/ENCSR749BWV_overall_report.html	no model	recheck_set_and_some_extras_0.6.txt
ENCSR705CNJ	https://mitra.stanford.edu/kundaje/anusri/chromatin_atlas_failed/ENCSR705CNJ/chrombpnet_model_feb20_fold_0/bias_model/evaluation/ENCSR705CNJ_overall_report.html	no model	recheck_set_and_some_extras_0.6.txt
ENCSR621ENC	https://mitra.stanford.edu/kundaje/anusri/chromatin_atlas_failed/ENCSR621ENC/chrombpnet_model_feb20_fold_0/bias_model/evaluation/ENCSR621ENC_overall_report.html	no model	recheck_set_and_some_extras_0.6.txt
ENCSR475VQD	https://mitra.stanford.edu/kundaje/anusri/chromatin_atlas_failed/ENCSR475VQD/chrombpnet_model_feb20_fold_0/bias_model/evaluation/ENCSR475VQD_overall_report.html	no model	recheck_set_and_some_extras_0.6.txt
ENCSR503UNA	https://mitra.stanford.edu/kundaje/anusri/chromatin_atlas_failed/ENCSR503UNA/chrombpnet_model_feb20_fold_0/bias_model/evaluation/ENCSR503UNA_overall_report.html	no model	recheck_set_and_some_extras_0.6.txt
ENCSR582IPV	https://mitra.stanford.edu/kundaje/anusri/chromatin_atlas_failed/ENCSR582IPV/chrombpnet_model_feb20_fold_0/bias_model/evaluation/ENCSR582IPV_overall_report.html	no model	recheck_set_and_some_extras_0.6.txt
