2023-02-07 22:48:49.995629	https://www.encodeproject.org/report/?type=Experiment&control_type%21=%2A&status=released&perturbed=false&replicates.library.biosample.donor.organism.scientific_name=Homo+sapiens&lab.title=Gregory+Crawford%2C+Duke&biosample_ontology.classification=cell+line&assay_title=DNase-seq&biosample_ontology.classification=cell+line&limit=all
ID	Accession	Assay name	Assay title	Target	Target of assay	Target gene symbol	Biosample summary	Biosample term name	Dbxrefs	Description	Lab	Project	Status	Files	Related series	Biosample accession	Biological replicate	Technical replicate	Linked antibody	Organism	Life stage	Biosample age	Biosample treatment	Biosample treatment ontology ID	Biosample treatment amount	Biosample treatment amount units	Biosample treatment duration	Biosample treatment duration units	Synchronization	Post-synchronization time	Post-synchronization time units	Biosample modification site target organism	Biosample modification site introduced gene organism	Replicates	Mixed biosamples	Cellular component	Library construction platform	Library construction method
/experiments/ENCSR000EID/	ENCSR000EID	DNase-seq	DNase-seq				Homo sapiens 8988T	8988T	GEO:GSM816667,UCSC-ENCODE-hg19:wgEncodeEH001103	DNase-seq on human 8988T	Gregory Crawford, Duke	ENCODE	released	/files/ENCFF000ACS/,/files/ENCFF000SDV/,/files/ENCFF000SDW/,/files/ENCFF000SDX/,/files/ENCFF000SDY/,/files/ENCFF000SDZ/,/files/ENCFF000SEA/,/files/ENCFF000SED/,/files/ENCFF001SOF/,/files/ENCFF001UUC/,/files/ENCFF340XAV/,/files/ENCFF234BSM/,/files/ENCFF253PDR/,/files/ENCFF619LVI/,/files/ENCFF370FEE/,/files/ENCFF498MWI/,/files/ENCFF087ROM/,/files/ENCFF456VVP/,/files/ENCFF237NQC/,/files/ENCFF729HDN/,/files/ENCFF107QGL/,/files/ENCFF858GYN/,/files/ENCFF728NQI/,/files/ENCFF278CUB/,/files/ENCFF900FYA/,/files/ENCFF749VJS/,/files/ENCFF241TGX/,/files/ENCFF341JQT/,/files/ENCFF916VAX/,/files/ENCFF904HLM/,/files/ENCFF648GRL/,/files/ENCFF382KMZ/,/files/ENCFF470FVM/,/files/ENCFF537RNH/,/files/ENCFF646MAV/,/files/ENCFF676MHO/,/files/ENCFF008ZXV/,/files/ENCFF327SYQ/,/files/ENCFF533SUL/,/files/ENCFF421BTB/,/files/ENCFF590FGE/,/files/ENCFF867IQU/,/files/ENCFF236PQO/,/files/ENCFF531TJD/,/files/ENCFF269MOF/,/files/ENCFF460PUA/,/files/ENCFF140GVM/,/files/ENCFF505AAM/		ENCBS158AAA	1	2,1		Homo sapiens	adult	64 years												/replicates/b006d118-c916-431f-86cb-75c850dacec8/,/replicates/3e823fc8-87d4-44db-9fc6-fb8ef7c5e3b9/				
/experiments/ENCSR000EJC/	ENCSR000EJC	DNase-seq	DNase-seq				Homo sapiens GM10266	GM10266	UCSC-ENCODE-hg19:wgEncodeEH003484,GEO:GSM1008590	Duke human GM10266 DNase-seq	Gregory Crawford, Duke	ENCODE	released	/files/ENCFF000SKQ/,/files/ENCFF000SKR/,/files/ENCFF000SKS/,/files/ENCFF000SKT/,/files/ENCFF000SKU/,/files/ENCFF000SLE/,/files/ENCFF000SLI/,/files/ENCFF001UVB/,/files/ENCFF220HLQ/,/files/ENCFF180DJQ/,/files/ENCFF668BIL/,/files/ENCFF876QZS/,/files/ENCFF290OOS/,/files/ENCFF462GYL/,/files/ENCFF760FVU/,/files/ENCFF933JRQ/,/files/ENCFF613XFZ/,/files/ENCFF871IJO/,/files/ENCFF576URR/,/files/ENCFF260SUI/,/files/ENCFF209CRO/,/files/ENCFF825YMA/,/files/ENCFF895DOX/,/files/ENCFF602GIS/,/files/ENCFF004YEC/,/files/ENCFF695TMF/,/files/ENCFF233NMU/,/files/ENCFF368PTC/,/files/ENCFF398PDB/,/files/ENCFF368CNH/,/files/ENCFF352APU/,/files/ENCFF994GRM/,/files/ENCFF684YIC/,/files/ENCFF894JCY/,/files/ENCFF958IOT/,/files/ENCFF126AGH/,/files/ENCFF957VTV/,/files/ENCFF509WJE/,/files/ENCFF756GZS/,/files/ENCFF946JDS/,/files/ENCFF415MOR/,/files/ENCFF483LVR/,/files/ENCFF687ILL/,/files/ENCFF354DNZ/		ENCBS184AAA	1	2,1		Homo sapiens	unknown	38 years												/replicates/de298d83-f1cc-41ce-ae30-960f3bd27107/,/replicates/bb1be666-192f-4cec-aba3-2263022c18d4/				
/experiments/ENCSR000ELV/	ENCSR000ELV	DNase-seq	DNase-seq				Homo sapiens urothelium cell line	urothelium cell line	UCSC-ENCODE-hg19:wgEncodeEH001113,GEO:GSM1008605	DNase-seq on human Urothelia	Gregory Crawford, Duke	ENCODE	released	/files/ENCFF000AEE/,/files/ENCFF000TEY/,/files/ENCFF000TFA/,/files/ENCFF000TFE/,/files/ENCFF000TFF/,/files/ENCFF000TFM/,/files/ENCFF000TFS/,/files/ENCFF001SPS/,/files/ENCFF001UXU/,/files/ENCFF863PRY/,/files/ENCFF442HTR/,/files/ENCFF690GJG/,/files/ENCFF330EGX/,/files/ENCFF996COV/,/files/ENCFF320KVF/,/files/ENCFF924UKQ/,/files/ENCFF334QDM/,/files/ENCFF744ISP/,/files/ENCFF070OFR/,/files/ENCFF579BFH/,/files/ENCFF288FRW/,/files/ENCFF150FTD/,/files/ENCFF977EKA/,/files/ENCFF399FRP/,/files/ENCFF085TDX/,/files/ENCFF300QLZ/,/files/ENCFF685SVH/,/files/ENCFF029HFI/,/files/ENCFF640QYY/,/files/ENCFF537YAN/,/files/ENCFF676EVM/,/files/ENCFF981HNB/,/files/ENCFF599OFJ/,/files/ENCFF291DWE/,/files/ENCFF026QSP/,/files/ENCFF849IQA/,/files/ENCFF831KIG/,/files/ENCFF462HHV/,/files/ENCFF924JQP/,/files/ENCFF095FPT/,/files/ENCFF196RCB/,/files/ENCFF417VEK/,/files/ENCFF167UCB/,/files/ENCFF937YXE/,/files/ENCFF393ZDP/,/files/ENCFF948EFE/,/files/ENCFF219SSZ/		ENCBS268AAA	1	1,2		Homo sapiens	child	12 years												/replicates/51ae37e3-a05e-4acb-b3da-10607e1470ef/,/replicates/f4c4eb1a-593b-4c6c-ab2b-c8288bfefeb7/				
/experiments/ENCSR000EKC/	ENCSR000EKC	DNase-seq	DNase-seq				Homo sapiens HTR-8/SVneo	HTR-8/SVneo	GEO:GSM816644,UCSC-ENCODE-hg19:wgEncodeEH001105	DNase-seq on human HTR8svn	Gregory Crawford, Duke	ENCODE	released	/files/ENCFF000ADK/,/files/ENCFF000SSF/,/files/ENCFF000SSG/,/files/ENCFF000SSH/,/files/ENCFF000SSI/,/files/ENCFF000SSJ/,/files/ENCFF000SSO/,/files/ENCFF000SSQ/,/files/ENCFF001SOY/,/files/ENCFF001UWB/,/files/ENCFF760UZV/,/files/ENCFF087CZQ/,/files/ENCFF569DSQ/,/files/ENCFF922AYV/,/files/ENCFF729KFP/,/files/ENCFF016BFE/,/files/ENCFF595URB/,/files/ENCFF353XZO/,/files/ENCFF476ULA/,/files/ENCFF858VGH/,/files/ENCFF355GJL/,/files/ENCFF668GUY/,/files/ENCFF407WTY/,/files/ENCFF140JNH/,/files/ENCFF478QZI/,/files/ENCFF284JHO/,/files/ENCFF461VQE/,/files/ENCFF565AMN/,/files/ENCFF384VWD/,/files/ENCFF965AWE/,/files/ENCFF760QUX/,/files/ENCFF164DWM/,/files/ENCFF400BQH/,/files/ENCFF898OBF/,/files/ENCFF310VTA/,/files/ENCFF081XPM/,/files/ENCFF230UGR/,/files/ENCFF627CNP/,/files/ENCFF656TNN/,/files/ENCFF989VAP/,/files/ENCFF743QOB/,/files/ENCFF033MPJ/,/files/ENCFF588PKF/,/files/ENCFF140AIW/,/files/ENCFF740ABP/,/files/ENCFF275RZV/,/files/ENCFF499NJC/,/files/ENCFF412UYV/		ENCBS331AAA	1	2,1		Homo sapiens	embryonic	6-12 weeks												/replicates/64103f10-eb4d-49c7-ad28-a3dfdf15945f/,/replicates/05ce0389-35f0-4045-bb49-ce5f6d39de4a/				
/experiments/ENCSR000EKI/	ENCSR000EKI	DNase-seq	DNase-seq				Homo sapiens CWRU1	CWRU1	GEO:GSM1008570,UCSC-ENCODE-hg19:wgEncodeEH002560	DNase-seq human iPS CWRU1	Gregory Crawford, Duke	ENCODE	released	/files/ENCFF000STT/,/files/ENCFF000STU/,/files/ENCFF000STV/,/files/ENCFF000STW/,/files/ENCFF000STX/,/files/ENCFF000SUA/,/files/ENCFF000SUH/,/files/ENCFF001UWH/,/files/ENCFF435LDH/,/files/ENCFF266UXK/,/files/ENCFF446NZL/,/files/ENCFF130ZPO/,/files/ENCFF114SKF/,/files/ENCFF242CLO/,/files/ENCFF055MHK/,/files/ENCFF147MZK/,/files/ENCFF651WLB/,/files/ENCFF594PRR/,/files/ENCFF053AZF/,/files/ENCFF582XFK/,/files/ENCFF172KUR/,/files/ENCFF484KPB/,/files/ENCFF015IAT/,/files/ENCFF021DKK/,/files/ENCFF047ZSM/,/files/ENCFF556SWC/,/files/ENCFF867ALT/,/files/ENCFF582RPS/,/files/ENCFF157EJA/,/files/ENCFF959UAH/,/files/ENCFF811JZE/,/files/ENCFF545ALV/,/files/ENCFF535HFC/,/files/ENCFF061ETG/,/files/ENCFF897JPC/,/files/ENCFF085KLV/,/files/ENCFF371HJV/,/files/ENCFF473MXM/,/files/ENCFF724CGS/,/files/ENCFF779OGE/,/files/ENCFF819AKW/,/files/ENCFF755DQY/,/files/ENCFF325LRG/,/files/ENCFF478MBJ/,/files/ENCFF084MCZ/,/files/ENCFF540VPT/		ENCBS334AAA	1	2,1		Homo sapiens	unknown													/replicates/9c532e5c-91a6-41e6-8eff-f2f451351534/,/replicates/49017857-f0fd-43f4-9dec-42fd1c69645d/				
/experiments/ENCSR000EKG/	ENCSR000EKG	DNase-seq	DNase-seq				Homo sapiens IMR-90	IMR-90	GEO:GSM1008586,UCSC-ENCODE-hg19:wgEncodeEH003482	Duke human IMR90 DNase-seq	Gregory Crawford, Duke	ENCODE	released	/files/ENCFF000STH/,/files/ENCFF000STJ/,/files/ENCFF000STK/,/files/ENCFF000STL/,/files/ENCFF000STM/,/files/ENCFF000STY/,/files/ENCFF000SUB/,/files/ENCFF001UWF/,/files/ENCFF132RDS/,/files/ENCFF537ABP/,/files/ENCFF361OWP/,/files/ENCFF323RPM/,/files/ENCFF680OIZ/,/files/ENCFF221SZF/,/files/ENCFF575RDZ/,/files/ENCFF530KLY/,/files/ENCFF546WTE/,/files/ENCFF450WKS/,/files/ENCFF795FII/,/files/ENCFF449WFX/,/files/ENCFF525PWS/,/files/ENCFF617OXS/	/experiment-series/ENCSR919UIF/	ENCBS460CLV	1	2,1		Homo sapiens	embryonic	16 weeks												/replicates/5656dc44-cbd2-48df-a5fc-38371752cd05/,/replicates/c8cdea09-a543-4675-b4f4-b2ba05467829/				
/experiments/ENCSR000EJV/	ENCSR000EJV	DNase-seq	DNase-seq				Homo sapiens HepG2	HepG2	UCSC-ENCODE-hg19:wgEncodeEH000537,GEO:GSM816662	Duke human HepG2 DNase-seq	Gregory Crawford, Duke	ENCODE	released	/files/ENCFF000SQJ/,/files/ENCFF000SQK/,/files/ENCFF000SQL/,/files/ENCFF000SQM/,/files/ENCFF000SQN/,/files/ENCFF000SQP/,/files/ENCFF000SQR/,/files/ENCFF000SQS/,/files/ENCFF000SQT/,/files/ENCFF000SQY/,/files/ENCFF001UVU/,/files/ENCFF321VCU/,/files/ENCFF460JFM/,/files/ENCFF469MNN/,/files/ENCFF925EVU/,/files/ENCFF341XEM/,/files/ENCFF487BHK/,/files/ENCFF957JFJ/,/files/ENCFF571RHF/,/files/ENCFF768ZEP/,/files/ENCFF701WSC/,/files/ENCFF691UQH/,/files/ENCFF418DTY/,/files/ENCFF854UQN/,/files/ENCFF136DBS/,/files/ENCFF288URL/,/files/ENCFF730LDQ/,/files/ENCFF601VRP/,/files/ENCFF060GKY/,/files/ENCFF536PHQ/,/files/ENCFF563QJH/,/files/ENCFF457JKS/,/files/ENCFF220QHB/,/files/ENCFF604OIM/,/files/ENCFF867UYB/,/files/ENCFF773GTR/,/files/ENCFF553BRY/,/files/ENCFF029TLB/,/files/ENCFF155VHR/,/files/ENCFF028VHF/,/files/ENCFF493SNO/,/files/ENCFF398SXY/,/files/ENCFF490FVH/,/files/ENCFF562STS/,/files/ENCFF395EQZ/,/files/ENCFF168ZXI/,/files/ENCFF878RGP/,/files/ENCFF691HJY/,/files/ENCFF714ISB/,/files/ENCFF748QCZ/,/files/ENCFF969OEX/	/experiment-series/ENCSR877MTC/	ENCBS773AAA	1	2,1,3		Homo sapiens	child	15 years												/replicates/2423e3ce-c739-475a-aa7d-c06a880e77ab/,/replicates/f25c22f0-ee1c-48dc-9b7a-b5e882e33ca9/,/replicates/5791da29-d33d-4505-9dcb-01f046ef6bf6/				
/experiments/ENCSR000EJG/	ENCSR000EJG	DNase-seq	DNase-seq				Homo sapiens GM13976	GM13976	GEO:GSM1008591,UCSC-ENCODE-hg19:wgEncodeEH003486	Duke human GM13976 DNase-seq	Gregory Crawford, Duke	ENCODE	released	/files/ENCFF000SMA/,/files/ENCFF000SMC/,/files/ENCFF000SMD/,/files/ENCFF000SME/,/files/ENCFF000SMF/,/files/ENCFF000SMP/,/files/ENCFF000SMR/,/files/ENCFF001UVF/,/files/ENCFF782YTI/,/files/ENCFF242DZA/,/files/ENCFF170QMN/,/files/ENCFF209KRL/,/files/ENCFF801JSB/,/files/ENCFF347ZRX/,/files/ENCFF535JRP/,/files/ENCFF531FKS/,/files/ENCFF067HUR/,/files/ENCFF926WSW/,/files/ENCFF864JJQ/,/files/ENCFF239XXV/,/files/ENCFF197QTM/,/files/ENCFF827NFL/		ENCBS220AAA	1	1,2		Homo sapiens	unknown	20 years												/replicates/ba7bc2b3-eab7-4ba7-9974-6cebd78090df/,/replicates/9bfe84ef-48dd-4314-b600-e94f565761bc/				
/experiments/ENCSR000EJH/	ENCSR000EJH	DNase-seq	DNase-seq				Homo sapiens GM13977	GM13977	GEO:GSM1008556,UCSC-ENCODE-hg19:wgEncodeEH003488	Duke human GM13977 DNase-seq	Gregory Crawford, Duke	ENCODE	released	/files/ENCFF000SMG/,/files/ENCFF000SMH/,/files/ENCFF000SMI/,/files/ENCFF000SMJ/,/files/ENCFF000SMK/,/files/ENCFF000SNB/,/files/ENCFF000SND/,/files/ENCFF001UVG/,/files/ENCFF723XLM/,/files/ENCFF901IPQ/,/files/ENCFF274CQK/,/files/ENCFF269YRO/,/files/ENCFF214VHV/,/files/ENCFF143NYS/,/files/ENCFF386GUN/,/files/ENCFF155GXQ/,/files/ENCFF885UZH/,/files/ENCFF411ASN/,/files/ENCFF947FNR/,/files/ENCFF517TOE/,/files/ENCFF890ZRF/,/files/ENCFF965BFK/		ENCBS221AAA	1	2,1		Homo sapiens	unknown	20 years												/replicates/0d477e1a-36d2-4c2f-ad77-ab0f2a6c56ab/,/replicates/e65b78aa-0a29-4ba7-b556-5707b4bd2088/				
/experiments/ENCSR000EJP/	ENCSR000EJP	DNase-seq	DNase-seq				Homo sapiens H9	H9	GEO:GSM816629,UCSC-ENCODE-hg19:wgEncodeEH000594	Duke human H9ES DNase-seq	Gregory Crawford, Duke	ENCODE	released	/files/ENCFF000ADF/,/files/ENCFF000SOP/,/files/ENCFF000SOQ/,/files/ENCFF000SOR/,/files/ENCFF000SOS/,/files/ENCFF000SOT/,/files/ENCFF000SOU/,/files/ENCFF000SOZ/,/files/ENCFF001SOT/,/files/ENCFF001UVO/,/files/ENCFF042VBM/,/files/ENCFF852AFZ/,/files/ENCFF276OCG/,/files/ENCFF742BZO/,/files/ENCFF062PST/,/files/ENCFF420CHV/,/files/ENCFF166OGN/,/files/ENCFF785BVB/,/files/ENCFF659OWQ/,/files/ENCFF269GXP/,/files/ENCFF029QRH/,/files/ENCFF479LWX/,/files/ENCFF568GTJ/,/files/ENCFF022WQN/,/files/ENCFF663TLI/,/files/ENCFF752PSN/,/files/ENCFF711ZHX/,/files/ENCFF252WPJ/,/files/ENCFF719SKA/,/files/ENCFF257MQX/,/files/ENCFF854QWS/,/files/ENCFF561INV/,/files/ENCFF586PUB/,/files/ENCFF360ODI/,/files/ENCFF569AYL/,/files/ENCFF989ZCZ/,/files/ENCFF136AOL/,/files/ENCFF987LZP/,/files/ENCFF105GEX/,/files/ENCFF077FEP/,/files/ENCFF541PGD/,/files/ENCFF427RZA/,/files/ENCFF376VSX/,/files/ENCFF968IPL/,/files/ENCFF794AMX/,/files/ENCFF876BVJ/,/files/ENCFF238OJD/,/files/ENCFF310XPP/	/experiment-series/ENCSR273DNN/	ENCBS298AAA	1	1,2		Homo sapiens	embryonic	5 days												/replicates/99eb22c2-8f2b-43c2-9c0e-00241913e9f7/,/replicates/636d366e-e685-4cb2-9820-958c86ce799c/				
/experiments/ENCSR000EJK/	ENCSR000EJK	DNase-seq	DNase-seq				Homo sapiens GM19239	GM19239	UCSC-ENCODE-hg19:wgEncodeEH000567,GEO:GSM816659	Duke human GM19239 DNase-seq	Gregory Crawford, Duke	ENCODE	released	/files/ENCFF000ADD/,/files/ENCFF000SNG/,/files/ENCFF000SNI/,/files/ENCFF000SNK/,/files/ENCFF000SNL/,/files/ENCFF000SNP/,/files/ENCFF000SNR/,/files/ENCFF001SOR/,/files/ENCFF001UVJ/,/files/ENCFF480ZZQ/,/files/ENCFF583HUT/,/files/ENCFF272BFL/,/files/ENCFF328HSO/,/files/ENCFF033MQB/,/files/ENCFF467NRK/,/files/ENCFF007RAV/,/files/ENCFF587PYD/,/files/ENCFF383SDN/,/files/ENCFF609DUG/,/files/ENCFF509PQN/,/files/ENCFF590PMW/,/files/ENCFF376RPN/,/files/ENCFF179QZQ/,/files/ENCFF614JIA/,/files/ENCFF919WIT/,/files/ENCFF713HQS/,/files/ENCFF896DVO/,/files/ENCFF110SDA/,/files/ENCFF680MOD/,/files/ENCFF849LMC/,/files/ENCFF222GER/,/files/ENCFF689PDT/,/files/ENCFF453FSU/,/files/ENCFF463LPL/,/files/ENCFF680QJO/,/files/ENCFF314DTG/,/files/ENCFF181WLJ/,/files/ENCFF786LQV/,/files/ENCFF083ZFE/,/files/ENCFF929ECX/,/files/ENCFF794FHJ/,/files/ENCFF122LXP/,/files/ENCFF299IMP/,/files/ENCFF898IKW/,/files/ENCFF807IGB/,/files/ENCFF801NEP/,/files/ENCFF980QXP/		ENCBS385ENC	1	2,1		Homo sapiens	unknown													/replicates/7745eeb8-8cc0-4011-86ca-6742101a32b6/,/replicates/1cc5f182-ee96-4c77-8152-0db83fc3db71/				
/experiments/ENCSR000EKE/	ENCSR000EKE	DNase-seq	DNase-seq				Homo sapiens HuH-7.5	HuH-7.5	UCSC-ENCODE-hg19:wgEncodeEH001112,GEO:GSM816671	DNase-seq on human Huh-7.5	Gregory Crawford, Duke	ENCODE	released	/files/ENCFF000ADL/,/files/ENCFF000SSK/,/files/ENCFF000SSL/,/files/ENCFF000SSM/,/files/ENCFF000SSN/,/files/ENCFF000SSP/,/files/ENCFF000SSV/,/files/ENCFF000SSY/,/files/ENCFF001SOZ/,/files/ENCFF001UWC/,/files/ENCFF838GJO/,/files/ENCFF206XHH/,/files/ENCFF242TSH/,/files/ENCFF952QJJ/,/files/ENCFF655HBN/,/files/ENCFF712XKG/,/files/ENCFF342MDV/,/files/ENCFF415FPZ/,/files/ENCFF360XMC/,/files/ENCFF550XQH/,/files/ENCFF535DMS/,/files/ENCFF296CSI/,/files/ENCFF364VBJ/,/files/ENCFF652UPI/,/files/ENCFF030HRN/,/files/ENCFF829FBY/,/files/ENCFF761QDL/,/files/ENCFF931NKA/,/files/ENCFF415VCJ/,/files/ENCFF188CDH/,/files/ENCFF123NLK/,/files/ENCFF133DQS/,/files/ENCFF229IVV/,/files/ENCFF880TNO/,/files/ENCFF577IRT/,/files/ENCFF834UTJ/,/files/ENCFF148XTL/,/files/ENCFF628BKW/,/files/ENCFF345HIF/,/files/ENCFF036IEG/,/files/ENCFF307YGI/,/files/ENCFF693PZG/,/files/ENCFF406BXB/,/files/ENCFF530GDJ/,/files/ENCFF932RXN/,/files/ENCFF189BRV/,/files/ENCFF295RAE/,/files/ENCFF261ZGL/		ENCBS227AAA	1	1,2		Homo sapiens	adult	57 years												/replicates/9d2b5791-44ea-4ce6-acd3-e360d33887c8/,/replicates/e58e5cb6-d444-43cf-b8a5-87e747a3aa21/				
/experiments/ENCSR000EIR/	ENCSR000EIR	DNase-seq	DNase-seq				Homo sapiens GM03348 genetically modified (insertion) using transduction targeting H. sapiens MYOD1	GM03348	UCSC-ENCODE-hg19:wgEncodeEH003477,GEO:GSM1008564	DNase-seq on human fibroblast (GM03348) treated with lentiviral control	Gregory Crawford, Duke	ENCODE	released	/files/ENCFF000SHQ/,/files/ENCFF000SHR/,/files/ENCFF000SHS/,/files/ENCFF000SHU/,/files/ENCFF000SHV/,/files/ENCFF000SIC/,/files/ENCFF000SID/,/files/ENCFF001UUQ/,/files/ENCFF988PDE/,/files/ENCFF019MYT/,/files/ENCFF559GZG/,/files/ENCFF029XSE/,/files/ENCFF591TDF/,/files/ENCFF149BAK/,/files/ENCFF917MXC/,/files/ENCFF618RKL/,/files/ENCFF366OHL/,/files/ENCFF746DCS/,/files/ENCFF337NRJ/,/files/ENCFF826WGF/,/files/ENCFF900SLD/,/files/ENCFF942HSF/		ENCBS559ENC	1	2,1		Homo sapiens	child	10 years										/organisms/human/		/replicates/161e75a5-6cb6-4f4d-9cd4-b320aab3181f/,/replicates/48fa5ce7-417e-440a-9d51-368637214786/				
/experiments/ENCSR000EIE/	ENCSR000EIE	DNase-seq	DNase-seq				Homo sapiens A549	A549	GEO:GSM816649,UCSC-ENCODE-hg19:wgEncodeEH001095	DNase-seq on human A549	Gregory Crawford, Duke	ENCODE	released	/files/ENCFF000SEE/,/files/ENCFF000SEF/,/files/ENCFF000SEG/,/files/ENCFF000SEI/,/files/ENCFF000SEJ/,/files/ENCFF000SEO/,/files/ENCFF000SER/,/files/ENCFF001UUD/,/files/ENCFF639TSF/,/files/ENCFF231TAJ/,/files/ENCFF934XLM/,/files/ENCFF752YSD/,/files/ENCFF511BLU/,/files/ENCFF924DIY/,/files/ENCFF382KRF/,/files/ENCFF491QVY/,/files/ENCFF142HGL/,/files/ENCFF478UOA/,/files/ENCFF261WRQ/,/files/ENCFF408LIR/,/files/ENCFF898LUA/,/files/ENCFF662GEM/,/files/ENCFF484RSH/,/files/ENCFF736YGK/,/files/ENCFF407EKX/,/files/ENCFF543MBO/,/files/ENCFF983PML/,/files/ENCFF073YJT/,/files/ENCFF560HKE/,/files/ENCFF272OKT/,/files/ENCFF953HEA/,/files/ENCFF613GMU/,/files/ENCFF508ZWL/,/files/ENCFF739QLS/,/files/ENCFF426TOK/,/files/ENCFF370CMR/,/files/ENCFF995HBI/,/files/ENCFF539TQP/,/files/ENCFF741SDK/,/files/ENCFF124QWS/,/files/ENCFF451LXI/,/files/ENCFF305SPY/,/files/ENCFF623JYU/,/files/ENCFF302JWZ/	/experiment-series/ENCSR614GWM/	ENCBS162AAA	1	1,2		Homo sapiens	adult	58 years												/replicates/326807ae-9607-41b3-8386-39f588c15811/,/replicates/dba3a10e-c7e7-41dc-8d4f-17fc56ace7e7/				
/experiments/ENCSR000EJO/	ENCSR000EJO	DNase-seq	DNase-seq				Homo sapiens H7	H7	UCSC-ENCODE-hg19:wgEncodeEH002554,GEO:GSM1008596	Duke human H7-hESC DNase-seq	Gregory Crawford, Duke	ENCODE	released	/files/ENCFF000SOI/,/files/ENCFF000SOK/,/files/ENCFF000SOL/,/files/ENCFF000SOM/,/files/ENCFF000SON/,/files/ENCFF000SOO/,/files/ENCFF000SOV/,/files/ENCFF000SOW/,/files/ENCFF000SOX/,/files/ENCFF001UVN/,/files/ENCFF554XLD/,/files/ENCFF586SUA/,/files/ENCFF880GBH/,/files/ENCFF986FCR/,/files/ENCFF511POS/,/files/ENCFF110TTS/,/files/ENCFF415JOZ/,/files/ENCFF964XYW/,/files/ENCFF161AIH/,/files/ENCFF472DVB/,/files/ENCFF834ZXZ/,/files/ENCFF228WDF/,/files/ENCFF566EKJ/,/files/ENCFF305PFI/,/files/ENCFF138REP/,/files/ENCFF398TTY/,/files/ENCFF886NOU/,/files/ENCFF932OBG/,/files/ENCFF753SCX/,/files/ENCFF116JOX/,/files/ENCFF132GLY/,/files/ENCFF418ZNF/,/files/ENCFF441RKE/,/files/ENCFF582IVI/,/files/ENCFF919GAY/,/files/ENCFF974UGG/,/files/ENCFF903XCQ/,/files/ENCFF920LZS/,/files/ENCFF694CRY/,/files/ENCFF189XXP/,/files/ENCFF957ZGY/,/files/ENCFF729IFN/,/files/ENCFF930YYX/,/files/ENCFF394LEX/,/files/ENCFF694IEU/,/files/ENCFF689PUO/,/files/ENCFF998MZV/,/files/ENCFF763MDI/,/files/ENCFF745KWP/,/files/ENCFF114QGN/	/experiment-series/ENCSR755MMX/	ENCBS291AAA	1	1,3,2		Homo sapiens	embryonic													/replicates/f064c57c-aa39-4fdb-9354-f0bd0acb6443/,/replicates/17d4b223-cb09-4641-8456-cf62756df8f7/,/replicates/c4b107d2-f3e7-418c-9ab4-c6a8efab2195/				
/experiments/ENCSR000EKV/	ENCSR000EKV	DNase-seq	DNase-seq				Homo sapiens MCF-7	MCF-7	UCSC-ENCODE-hg19:wgEncodeEH003470,GEO:GSM1008565	DNase-seq on human MCF-7 treated with hypoxia lactic acid control	Gregory Crawford, Duke	ENCODE	released	/files/ENCFF000SYX/,/files/ENCFF000SYY/,/files/ENCFF000SZA/,/files/ENCFF000SZB/,/files/ENCFF000SZE/,/files/ENCFF000SZL/,/files/ENCFF000SZN/,/files/ENCFF001UWX/,/files/ENCFF713MOH/,/files/ENCFF432JJJ/,/files/ENCFF178WGP/,/files/ENCFF572EDP/,/files/ENCFF842YMK/,/files/ENCFF394GKZ/,/files/ENCFF635LAO/,/files/ENCFF753XBM/,/files/ENCFF243QYD/,/files/ENCFF663STT/,/files/ENCFF849NXD/,/files/ENCFF676NSL/,/files/ENCFF352QIM/,/files/ENCFF493ISH/,/files/ENCFF137FTO/,/files/ENCFF734NOU/,/files/ENCFF105ZIM/,/files/ENCFF230KJL/,/files/ENCFF468ITQ/,/files/ENCFF755KJP/,/files/ENCFF235MHS/,/files/ENCFF549MCZ/,/files/ENCFF963ZMN/,/files/ENCFF286TMR/,/files/ENCFF977QRM/,/files/ENCFF004KMQ/,/files/ENCFF435HFA/,/files/ENCFF815BQP/,/files/ENCFF270ENA/,/files/ENCFF522NDW/,/files/ENCFF137YSV/,/files/ENCFF383DSC/,/files/ENCFF816RMO/,/files/ENCFF961TEN/,/files/ENCFF836CJF/,/files/ENCFF107HQA/,/files/ENCFF180IVB/,/files/ENCFF519VZU/	/experiment-series/ENCSR453BBL/	ENCBS614ENC	1	2,1		Homo sapiens	adult	69 years												/replicates/168f8587-d5c6-45eb-86f6-f01af4e885a4/,/replicates/60b48788-0397-4855-8a37-cbc0f22ef2d8/				
/experiments/ENCSR000EJT/	ENCSR000EJT	DNase-seq	DNase-seq				Homo sapiens HeLa-S3	HeLa-S3	GEO:GSM816643,UCSC-ENCODE-hg19:wgEncodeEH000540	Duke human HeLa-S3 DNase-seq	Gregory Crawford, Duke	ENCODE	released	/files/ENCFF000SPJ/,/files/ENCFF000SPL/,/files/ENCFF000SPM/,/files/ENCFF000SPO/,/files/ENCFF000SPV/,/files/ENCFF000SPW/,/files/ENCFF000SPY/,/files/ENCFF000SQA/,/files/ENCFF000SQC/,/files/ENCFF000SQH/,/files/ENCFF001UVS/,/files/ENCFF557LZB/,/files/ENCFF879GTR/,/files/ENCFF888QGO/,/files/ENCFF257VLB/,/files/ENCFF446GDR/,/files/ENCFF342EWC/,/files/ENCFF050BDU/,/files/ENCFF094GJM/,/files/ENCFF351NVF/,/files/ENCFF775GBM/,/files/ENCFF460VJK/,/files/ENCFF371OJW/,/files/ENCFF999MYA/,/files/ENCFF943CYI/,/files/ENCFF542SVF/,/files/ENCFF915NVE/,/files/ENCFF041CWE/,/files/ENCFF243UHM/,/files/ENCFF617FTI/,/files/ENCFF744EYD/,/files/ENCFF867ALU/,/files/ENCFF830TNF/,/files/ENCFF656FIJ/,/files/ENCFF687DTS/,/files/ENCFF024UJN/,/files/ENCFF837BLM/,/files/ENCFF634CRO/,/files/ENCFF761HAN/,/files/ENCFF172PKC/,/files/ENCFF187PXI/,/files/ENCFF348KOY/,/files/ENCFF085PHZ/,/files/ENCFF411EQR/,/files/ENCFF232YVU/,/files/ENCFF725AAZ/,/files/ENCFF810UUW/	/experiment-series/ENCSR760TAA/	ENCBS646PGB	1	2,3,1		Homo sapiens	adult	31 years												/replicates/fe5c5f05-c689-4249-9fd1-cd7330759f7d/,/replicates/5cbf5f6f-db42-442c-908c-7510b34b1e68/,/replicates/08dedc95-9efe-4ab7-868f-fe677fd160f3/				
/experiments/ENCSR000ELI/	ENCSR000ELI	DNase-seq	DNase-seq				Homo sapiens C803	C803	UCSC-ENCODE-hg19:wgEncodeEH003475,GEO:GSM1008584	DNase-seq on olfactory neurosphere	Gregory Crawford, Duke	ENCODE	released	/files/ENCFF000TBV/,/files/ENCFF000TBW/,/files/ENCFF000TBX/,/files/ENCFF000TBY/,/files/ENCFF000TCA/,/files/ENCFF000TCB/,/files/ENCFF000TCI/,/files/ENCFF000TCJ/,/files/ENCFF000TCK/,/files/ENCFF001UXI/,/files/ENCFF436YRA/,/files/ENCFF562ODE/,/files/ENCFF940XRE/,/files/ENCFF121IMX/,/files/ENCFF140VSE/,/files/ENCFF126NZL/,/files/ENCFF690BWQ/,/files/ENCFF288PWR/,/files/ENCFF570BBJ/,/files/ENCFF554QIY/,/files/ENCFF815XKS/,/files/ENCFF285KLR/,/files/ENCFF294EJT/,/files/ENCFF369GVY/,/files/ENCFF721YFS/,/files/ENCFF858DUT/,/files/ENCFF346YWH/,/files/ENCFF964RIO/,/files/ENCFF556FZT/,/files/ENCFF689ZVO/,/files/ENCFF886SVA/,/files/ENCFF269MXD/,/files/ENCFF510KZY/,/files/ENCFF328NTF/,/files/ENCFF679OUK/,/files/ENCFF958VNL/,/files/ENCFF325VTG/,/files/ENCFF541QCX/,/files/ENCFF197UWV/,/files/ENCFF166JAC/,/files/ENCFF871JSG/,/files/ENCFF183XRS/,/files/ENCFF442TUD/,/files/ENCFF116GUP/,/files/ENCFF137HKO/,/files/ENCFF255ELW/,/files/ENCFF610RPT/,/files/ENCFF382IJE/,/files/ENCFF478PMN/,/files/ENCFF415ITB/		ENCBS354AAA	1	2,1,3		Homo sapiens	adult	66 years												/replicates/7901a2de-44a6-432d-a04d-cec5ff7d3f81/,/replicates/642a4fd1-e16b-4260-9fd2-a8075a887c8a/,/replicates/74814832-54e3-46af-be35-8a69be11e566/				
/experiments/ENCSR000EIS/	ENCSR000EIS	DNase-seq	DNase-seq				Homo sapiens GM03348	GM03348	UCSC-ENCODE-hg19:wgEncodeEH003476,GEO:GSM1008563	DNase-seq on human fibroblast (GM03348)	Gregory Crawford, Duke	ENCODE	released	/files/ENCFF000SHN/,/files/ENCFF000SHO/,/files/ENCFF000SHP/,/files/ENCFF000SIB/,/files/ENCFF000SIE/,/files/ENCFF000SIN/,/files/ENCFF000SIS/,/files/ENCFF001UUS/,/files/ENCFF896VVT/,/files/ENCFF713FDC/,/files/ENCFF608WCB/,/files/ENCFF742GMW/,/files/ENCFF160DIK/,/files/ENCFF395ATC/,/files/ENCFF433TAY/,/files/ENCFF112TOV/,/files/ENCFF333MCA/,/files/ENCFF951BAM/,/files/ENCFF152VFN/,/files/ENCFF214GKJ/,/files/ENCFF890OGQ/,/files/ENCFF125CLJ/,/files/ENCFF939GTK/,/files/ENCFF131CMS/,/files/ENCFF624DKJ/,/files/ENCFF911XOO/,/files/ENCFF809RAA/,/files/ENCFF548EBY/,/files/ENCFF345DCX/,/files/ENCFF881TXW/,/files/ENCFF079IDY/,/files/ENCFF629AYC/,/files/ENCFF138AUC/,/files/ENCFF528EZR/,/files/ENCFF299JUC/,/files/ENCFF021VUJ/,/files/ENCFF602CVB/,/files/ENCFF999ZZV/,/files/ENCFF807INY/,/files/ENCFF482JIT/,/files/ENCFF872MMU/,/files/ENCFF145STU/,/files/ENCFF544AIZ/,/files/ENCFF292OFY/,/files/ENCFF457NVO/,/files/ENCFF479AEM/	/organism-development-series/ENCSR694TIR/	ENCBS285AAA	1	2,1		Homo sapiens	child	10 years												/replicates/539bff40-f923-448b-bc97-d91d04779745/,/replicates/a7422ffd-ec95-481a-a636-14c8f7a43732/				
/experiments/ENCSR000EIW/	ENCSR000EIW	DNase-seq	DNase-seq				Homo sapiens AG08396	AG08396	GEO:GSM1008562,UCSC-ENCODE-hg19:wgEncodeEH002568	DNase-seq on human FibroP (AG08396)	Gregory Crawford, Duke	ENCODE	released	/files/ENCFF000SIV/,/files/ENCFF000SIX/,/files/ENCFF000SIY/,/files/ENCFF000SIZ/,/files/ENCFF000SJA/,/files/ENCFF000SJC/,/files/ENCFF000SJD/,/files/ENCFF000SJF/,/files/ENCFF000SJL/,/files/ENCFF001UUV/,/files/ENCFF713ECL/,/files/ENCFF739YIT/,/files/ENCFF328XMN/,/files/ENCFF026WBB/,/files/ENCFF045TLY/,/files/ENCFF044WDV/,/files/ENCFF416VOW/,/files/ENCFF829AMH/,/files/ENCFF752HCY/,/files/ENCFF467WLQ/,/files/ENCFF352PKJ/,/files/ENCFF274PQL/,/files/ENCFF725RPO/,/files/ENCFF929AOB/,/files/ENCFF565KMM/,/files/ENCFF600AQO/,/files/ENCFF544XWR/,/files/ENCFF787MSC/,/files/ENCFF440SJJ/,/files/ENCFF931AEM/,/files/ENCFF882JXQ/,/files/ENCFF454HEQ/,/files/ENCFF236XHR/,/files/ENCFF181XVE/,/files/ENCFF364PGN/,/files/ENCFF831PKZ/,/files/ENCFF903VVW/,/files/ENCFF521FRL/,/files/ENCFF784OVJ/,/files/ENCFF182GPK/,/files/ENCFF064GGH/,/files/ENCFF653BZP/,/files/ENCFF155SVX/,/files/ENCFF111TCY/,/files/ENCFF050PSK/,/files/ENCFF506CPQ/,/files/ENCFF107WLM/,/files/ENCFF282IJN/,/files/ENCFF378HOL/,/files/ENCFF613DJP/,/files/ENCFF387GRR/,/files/ENCFF072UHF/,/files/ENCFF694AXC/	/matched-sets/ENCSR036ZLG/,/organism-development-series/ENCSR694TIR/	ENCBS288AAA	1	1,3,2		Homo sapiens	adult	85 years												/replicates/27904f3e-38ad-4f16-bff0-617376f9211c/,/replicates/f52e5baf-23b4-4715-a76c-6943ff871abd/,/replicates/db6f4725-a44d-4dfd-a9e7-be38fd53b410/				
/experiments/ENCSR000EKD/	ENCSR000EKD	DNase-seq	DNase-seq				Homo sapiens HuH-7	HuH-7	GEO:GSM816641,UCSC-ENCODE-hg19:wgEncodeEH001111	DNase-seq on human Huh-7	Gregory Crawford, Duke	ENCODE	released	/files/ENCFF000ADM/,/files/ENCFF000SSR/,/files/ENCFF000SSS/,/files/ENCFF000SST/,/files/ENCFF000SSU/,/files/ENCFF000SSW/,/files/ENCFF000STC/,/files/ENCFF000STG/,/files/ENCFF001SPA/,/files/ENCFF001UWD/,/files/ENCFF530DNW/,/files/ENCFF875XEV/,/files/ENCFF220TWO/,/files/ENCFF940BAP/,/files/ENCFF112WIT/,/files/ENCFF322KPY/,/files/ENCFF708VMW/,/files/ENCFF275TMZ/,/files/ENCFF593BBO/,/files/ENCFF277RFK/,/files/ENCFF808TGZ/,/files/ENCFF631YEN/,/files/ENCFF172VLC/,/files/ENCFF355ZFN/,/files/ENCFF990FKA/,/files/ENCFF392HRP/,/files/ENCFF454ZCS/,/files/ENCFF815CBB/,/files/ENCFF455ZWH/,/files/ENCFF561QXW/,/files/ENCFF646OET/,/files/ENCFF661PRL/,/files/ENCFF649FDM/,/files/ENCFF501YXM/,/files/ENCFF070RWR/,/files/ENCFF159ERY/,/files/ENCFF989UDB/,/files/ENCFF653VRU/,/files/ENCFF729CLK/,/files/ENCFF578WNN/,/files/ENCFF796VBO/,/files/ENCFF053JOD/,/files/ENCFF920PDE/,/files/ENCFF263RNG/,/files/ENCFF359TJZ/,/files/ENCFF102AMG/		ENCBS226AAA	1	2,1		Homo sapiens	adult	57 years												/replicates/ba9f1bfe-8cea-4d54-8ebe-e91f60797695/,/replicates/96f03304-2aac-4fc4-aa40-541f6d7e58f7/				
/experiments/ENCSR000EKW/	ENCSR000EKW	DNase-seq	DNase-seq				Homo sapiens MCF-7 expressing RNAi	MCF-7	UCSC-ENCODE-hg19:wgEncodeEH003468,GEO:GSM1008603	DNase-seq on human MCF-7 treated with randomized shRNA control	Gregory Crawford, Duke	ENCODE	released	/files/ENCFF000SZG/,/files/ENCFF000SZH/,/files/ENCFF000SZI/,/files/ENCFF000SZJ/,/files/ENCFF000SZK/,/files/ENCFF000SZM/,/files/ENCFF000SZO/,/files/ENCFF000SZV/,/files/ENCFF000SZZ/,/files/ENCFF001UWZ/,/files/ENCFF588OIO/,/files/ENCFF709OLT/,/files/ENCFF311CBC/,/files/ENCFF699OJY/,/files/ENCFF312KXH/,/files/ENCFF679FHO/,/files/ENCFF026PTO/,/files/ENCFF826PXM/,/files/ENCFF545NBK/,/files/ENCFF346XWH/,/files/ENCFF435ZXH/,/files/ENCFF799ARR/,/files/ENCFF652MZG/,/files/ENCFF181BXE/,/files/ENCFF798EDW/,/files/ENCFF306ION/,/files/ENCFF859YGP/,/files/ENCFF179SWR/,/files/ENCFF511NTU/,/files/ENCFF587MGE/,/files/ENCFF534YPV/,/files/ENCFF193WCN/,/files/ENCFF768OBJ/,/files/ENCFF316KJR/,/files/ENCFF998WAS/,/files/ENCFF250YXQ/,/files/ENCFF161KNF/,/files/ENCFF844WQE/,/files/ENCFF946AFL/,/files/ENCFF010FNU/,/files/ENCFF814JMZ/,/files/ENCFF145ZWL/,/files/ENCFF279LSY/,/files/ENCFF637NSW/,/files/ENCFF065WNY/,/files/ENCFF073IFX/,/files/ENCFF260IMT/,/files/ENCFF947OOX/,/files/ENCFF596TQS/,/files/ENCFF774JMS/		ENCBS095ENC	1	3,2,1		Homo sapiens	adult	69 years												/replicates/40e6c6d9-1bbf-4bca-bbf1-22abed6c6b00/,/replicates/153e5901-515e-4119-96a9-fd1682b4e376/,/replicates/00dc0cd6-2fbd-4eb0-a51e-e072ee9cadf9/				
/experiments/ENCSR000EJF/	ENCSR000EJF	DNase-seq	DNase-seq				Homo sapiens GM12892	GM12892	GEO:GSM816657,UCSC-ENCODE-hg19:wgEncodeEH000565	Duke human GM12892 DNase-seq	Gregory Crawford, Duke	ENCODE	released	/files/ENCFF000ADA/,/files/ENCFF000SLS/,/files/ENCFF000SLT/,/files/ENCFF000SLU/,/files/ENCFF000SLV/,/files/ENCFF000SLY/,/files/ENCFF000SLZ/,/files/ENCFF000SMB/,/files/ENCFF001SOO/,/files/ENCFF001UVE/,/files/ENCFF949PWW/,/files/ENCFF100BLS/,/files/ENCFF813SMV/,/files/ENCFF647DEH/,/files/ENCFF870JFI/,/files/ENCFF916ZGC/,/files/ENCFF063BEU/,/files/ENCFF257HIT/,/files/ENCFF664UGZ/,/files/ENCFF752XJF/,/files/ENCFF517QEE/,/files/ENCFF894BYG/,/files/ENCFF383QFY/,/files/ENCFF445XAJ/,/files/ENCFF536IEC/,/files/ENCFF103THJ/,/files/ENCFF111MFA/,/files/ENCFF693VKU/,/files/ENCFF869SPX/,/files/ENCFF751AEI/,/files/ENCFF260LKE/,/files/ENCFF672TZX/,/files/ENCFF753XRH/,/files/ENCFF836EDX/,/files/ENCFF330BLP/,/files/ENCFF897LAU/,/files/ENCFF544PBF/,/files/ENCFF933QWK/,/files/ENCFF971YPD/,/files/ENCFF118UJK/,/files/ENCFF716ZLI/,/files/ENCFF181ODD/,/files/ENCFF674CWG/,/files/ENCFF236LUT/,/files/ENCFF341HKW/,/files/ENCFF763YEA/,/files/ENCFF516APP/,/files/ENCFF387DHT/		ENCBS633AAA	1	2,1		Homo sapiens	unknown													/replicates/a2ea5f6e-b02c-4dc0-9d28-339686749497/,/replicates/024cdb36-ea57-4909-8498-b166b116c9d3/				
/experiments/ENCSR000EJX/	ENCSR000EJX	DNase-seq	DNase-seq				Homo sapiens HPDE6-E6E7	HPDE6-E6E7	GEO:GSM816639,UCSC-ENCODE-hg19:wgEncodeEH001106	DNase-seq on human pancreatic duct (HPDE6-E6E7)	Gregory Crawford, Duke	ENCODE	released	/files/ENCFF000ADI/,/files/ENCFF000SRB/,/files/ENCFF000SRC/,/files/ENCFF000SRD/,/files/ENCFF000SRE/,/files/ENCFF000SRF/,/files/ENCFF000SRM/,/files/ENCFF000SRP/,/files/ENCFF001SOW/,/files/ENCFF001UVW/,/files/ENCFF540XNK/,/files/ENCFF718TWM/,/files/ENCFF522WKX/,/files/ENCFF274XBY/,/files/ENCFF348PQC/,/files/ENCFF021ELH/,/files/ENCFF793NVG/,/files/ENCFF573IUZ/,/files/ENCFF691TAT/,/files/ENCFF891UCG/,/files/ENCFF971OXS/,/files/ENCFF292XHX/,/files/ENCFF512ZPM/,/files/ENCFF650CWR/,/files/ENCFF867RRG/,/files/ENCFF844MEC/,/files/ENCFF081OAM/,/files/ENCFF344WOW/,/files/ENCFF608YEI/,/files/ENCFF635IWV/,/files/ENCFF895OOG/,/files/ENCFF806NBZ/,/files/ENCFF426OUN/,/files/ENCFF227ZLB/,/files/ENCFF114CBV/,/files/ENCFF727OTD/,/files/ENCFF376RHW/,/files/ENCFF908JAN/,/files/ENCFF897ZOP/,/files/ENCFF508NEV/,/files/ENCFF224UCQ/,/files/ENCFF568BQJ/,/files/ENCFF614ARK/,/files/ENCFF240TDT/,/files/ENCFF283RCF/,/files/ENCFF062RTM/,/files/ENCFF045EMU/,/files/ENCFF206OAE/		ENCBS224AAA	1	2,1		Homo sapiens	adult	63 years												/replicates/00208fe4-d8cf-4033-ac3c-ab3ea9cb9c96/,/replicates/c8620272-8462-4f87-aa32-67b2771bec35/				
/experiments/ENCSR000EKT/	ENCSR000EKT	DNase-seq	DNase-seq				Homo sapiens LNCaP clone FGC	LNCaP clone FGC	UCSC-ENCODE-hg19:wgEncodeEH001097,GEO:GSM816637	DNase-seq on human LNCaP	Gregory Crawford, Duke	ENCODE	released	/files/ENCFF000SXO/,/files/ENCFF000SXP/,/files/ENCFF000SXS/,/files/ENCFF000SXX/,/files/ENCFF000SXY/,/files/ENCFF000SYB/,/files/ENCFF000SYD/,/files/ENCFF000SYF/,/files/ENCFF000SYH/,/files/ENCFF000SYK/,/files/ENCFF001UWU/,/files/ENCFF198WJF/,/files/ENCFF642RRU/,/files/ENCFF597ILO/,/files/ENCFF672HFA/,/files/ENCFF716YMT/,/files/ENCFF942VEC/,/files/ENCFF042BHN/,/files/ENCFF602LBM/,/files/ENCFF057WBM/,/files/ENCFF668BCQ/,/files/ENCFF479ANU/,/files/ENCFF954ESU/,/files/ENCFF554AZX/,/files/ENCFF128HFZ/,/files/ENCFF157XVX/,/files/ENCFF872PRN/,/files/ENCFF881MWY/,/files/ENCFF340OMH/,/files/ENCFF809IIW/,/files/ENCFF261GXS/,/files/ENCFF090CVI/,/files/ENCFF578XIB/,/files/ENCFF946HET/,/files/ENCFF906QXX/,/files/ENCFF158DTU/,/files/ENCFF784JXT/,/files/ENCFF907NCI/,/files/ENCFF324JNF/,/files/ENCFF388UWK/,/files/ENCFF086MWH/,/files/ENCFF388OOW/,/files/ENCFF038XNG/,/files/ENCFF769KJS/,/files/ENCFF375KTU/,/files/ENCFF593HKH/,/files/ENCFF567AID/,/files/ENCFF903TQF/,/files/ENCFF035POV/,/files/ENCFF384PMQ/,/files/ENCFF762IMP/	/experiment-series/ENCSR235KJW/	ENCBS386ENC	1	2,1,3		Homo sapiens	adult	50 years												/replicates/7756242e-2c1a-49db-8242-07a92b4f0a8b/,/replicates/003fc3b8-ccbe-475a-9337-5becf5bf2845/,/replicates/5cd6f77e-f078-4b8a-9571-dfe6a9dd8d10/				
/experiments/ENCSR000EKZ/	ENCSR000EKZ	DNase-seq	DNase-seq				Homo sapiens MCF-7	MCF-7	UCSC-ENCODE-hg19:wgEncodeEH000579,GEO:GSM816627	Duke human MCF-7 DNase-seq	Gregory Crawford, Duke	ENCODE	released	/files/ENCFF000SZF/,/files/ENCFF000SYE/,/files/ENCFF000SYG/,/files/ENCFF000SYI/,/files/ENCFF000SZP/,/files/ENCFF000SZQ/,/files/ENCFF000SZR/,/files/ENCFF000SZW/,/files/ENCFF001UWY/,/files/ENCFF554KHW/,/files/ENCFF066CMO/,/files/ENCFF621ZXX/,/files/ENCFF545USI/,/files/ENCFF675FFX/,/files/ENCFF521CQD/,/files/ENCFF707LXZ/,/files/ENCFF306PTS/,/files/ENCFF846GPW/,/files/ENCFF627QAS/,/files/ENCFF017GRD/,/files/ENCFF062ZOF/,/files/ENCFF097TAY/,/files/ENCFF984GBY/,/files/ENCFF961URF/,/files/ENCFF382YNA/,/files/ENCFF090ZYT/,/files/ENCFF485WUA/,/files/ENCFF363WNM/,/files/ENCFF636OIW/,/files/ENCFF562WAK/,/files/ENCFF919CLO/,/files/ENCFF135BWJ/,/files/ENCFF394MWU/,/files/ENCFF878JMI/,/files/ENCFF391OAA/,/files/ENCFF195AYZ/,/files/ENCFF438LQM/,/files/ENCFF536CIK/,/files/ENCFF642QIP/,/files/ENCFF244VNL/,/files/ENCFF740YBG/,/files/ENCFF038NFC/,/files/ENCFF821BZU/,/files/ENCFF408IOA/,/files/ENCFF614XLD/,/files/ENCFF861TZB/,/files/ENCFF786XQH/	/experiment-series/ENCSR453BBL/	ENCBS252AAA	1	2,1		Homo sapiens	adult	69 years												/replicates/ec649ddf-7fdb-4370-8767-8c39bafcc5aa/,/replicates/a67433d9-0473-4a30-959c-57d96ed90201/				
/experiments/ENCSR000EIX/	ENCSR000EIX	DNase-seq	DNase-seq				Homo sapiens AG20443	AG20443	UCSC-ENCODE-hg19:wgEncodeEH002569,GEO:GSM1008561	DNase-seq on human FibroP (AG20443)	Gregory Crawford, Duke	ENCODE	released	/files/ENCFF000SJE/,/files/ENCFF000SJG/,/files/ENCFF000SJH/,/files/ENCFF000SJI/,/files/ENCFF000SJJ/,/files/ENCFF000SJM/,/files/ENCFF000SJN/,/files/ENCFF000SJT/,/files/ENCFF000SJU/,/files/ENCFF001UUW/,/files/ENCFF990WRB/,/files/ENCFF538RWR/,/files/ENCFF799KHU/,/files/ENCFF800NPH/,/files/ENCFF571RCE/,/files/ENCFF948LVM/,/files/ENCFF563KBU/,/files/ENCFF435XEF/,/files/ENCFF498QCJ/,/files/ENCFF412PWD/,/files/ENCFF609RHR/,/files/ENCFF165YJX/,/files/ENCFF767SQD/,/files/ENCFF739ENN/,/files/ENCFF380YOG/,/files/ENCFF352WJZ/,/files/ENCFF114GWU/,/files/ENCFF568LMQ/,/files/ENCFF527YZV/,/files/ENCFF992CKW/,/files/ENCFF335PLE/,/files/ENCFF842PPP/,/files/ENCFF174JLV/,/files/ENCFF759RCL/,/files/ENCFF900VWI/,/files/ENCFF116ODN/,/files/ENCFF401UBI/,/files/ENCFF469ORX/,/files/ENCFF385DPJ/,/files/ENCFF377NNN/,/files/ENCFF258JZX/,/files/ENCFF529VPM/,/files/ENCFF012NXT/,/files/ENCFF442RTZ/,/files/ENCFF617JIT/,/files/ENCFF917XMQ/,/files/ENCFF204SPN/,/files/ENCFF582KNK/,/files/ENCFF138DGV/,/files/ENCFF441EKY/,/files/ENCFF656OXM/,/files/ENCFF833DLW/,/files/ENCFF530RAU/	/matched-sets/ENCSR036ZLG/,/organism-development-series/ENCSR694TIR/	ENCBS289AAA	1	3,2,1		Homo sapiens	adult	71 years												/replicates/3b24d4d4-5bca-4d25-a10d-0037835350b7/,/replicates/906e75f9-36e7-486c-90b4-c236f6d45ae1/,/replicates/eccb78a2-229f-4996-b00c-176f1201c7e7/				
/experiments/ENCSR000ELQ/	ENCSR000ELQ	DNase-seq	DNase-seq				Homo sapiens SK-N-SH	SK-N-SH	GEO:GSM1008585,UCSC-ENCODE-hg19:wgEncodeEH003483	Duke human SK-N-SH DNase-seq	Gregory Crawford, Duke	ENCODE	released	/files/ENCFF000TDY/,/files/ENCFF000TDZ/,/files/ENCFF000TEA/,/files/ENCFF000TEB/,/files/ENCFF000TEE/,/files/ENCFF000TEO/,/files/ENCFF000TEP/,/files/ENCFF001UXQ/,/files/ENCFF514OLS/,/files/ENCFF775TLC/,/files/ENCFF658DTG/,/files/ENCFF647ODP/,/files/ENCFF264HFT/,/files/ENCFF280RMA/,/files/ENCFF998QMV/,/files/ENCFF752OZB/,/files/ENCFF211DYP/,/files/ENCFF327QUU/,/files/ENCFF642DXD/,/files/ENCFF911ZIG/,/files/ENCFF774KKB/,/files/ENCFF725RIV/	/reference-epigenomes/ENCSR256OEH/,/reference-epigenomes/ENCSR046XHQ/	ENCBS592MTQ	1	1,2		Homo sapiens	child	4 years												/replicates/c2737d34-e156-4c13-8201-6446854640a9/,/replicates/933ec2a6-7863-45fb-b8f5-148b456c1375/				
/experiments/ENCSR000ELB/	ENCSR000ELB	DNase-seq	DNase-seq				Homo sapiens D341Med	D341Med	UCSC-ENCODE-hg19:wgEncodeEH002688,GEO:GSM1008577	DNase-seq on human medulloblastoma (D341)	Gregory Crawford, Duke	ENCODE	released	/files/ENCFF000TAA/,/files/ENCFF000TAB/,/files/ENCFF000TAC/,/files/ENCFF000TAF/,/files/ENCFF000TAG/,/files/ENCFF000TAR/,/files/ENCFF000TAX/,/files/ENCFF001UXB/,/files/ENCFF557III/,/files/ENCFF600GYN/,/files/ENCFF893AUA/,/files/ENCFF248UIO/,/files/ENCFF022KHJ/,/files/ENCFF196SCT/,/files/ENCFF565ILC/,/files/ENCFF232PBB/,/files/ENCFF015SWR/,/files/ENCFF824DDK/,/files/ENCFF359DJU/,/files/ENCFF496KKN/,/files/ENCFF532OSS/,/files/ENCFF965PZQ/,/files/ENCFF894APF/,/files/ENCFF111CXG/,/files/ENCFF648FQQ/,/files/ENCFF080WCF/,/files/ENCFF522IHG/,/files/ENCFF430MEV/,/files/ENCFF989JYY/,/files/ENCFF023JDD/,/files/ENCFF965VAM/,/files/ENCFF910JDO/,/files/ENCFF550SER/,/files/ENCFF282VWA/,/files/ENCFF459TGC/,/files/ENCFF969KPT/,/files/ENCFF793KSU/,/files/ENCFF104KIX/,/files/ENCFF873HKI/,/files/ENCFF282LTO/,/files/ENCFF840PNK/,/files/ENCFF811NWJ/,/files/ENCFF003AZB/,/files/ENCFF677CTE/		ENCBS254AAA	1	1,2		Homo sapiens	child	3 years												/replicates/0c0f5c22-67c7-4aa6-acc5-7372c5615719/,/replicates/d50e883d-9a8a-4300-b79e-4b8d18ff068b/				
/experiments/ENCSR000EJE/	ENCSR000EJE	DNase-seq	DNase-seq				Homo sapiens GM12891	GM12891	GEO:GSM816656,UCSC-ENCODE-hg19:wgEncodeEH000564	Duke human GM12891 DNase-seq	Gregory Crawford, Duke	ENCODE	released	/files/ENCFF000ACZ/,/files/ENCFF000SLK/,/files/ENCFF000SLM/,/files/ENCFF000SLN/,/files/ENCFF000SLO/,/files/ENCFF000SLQ/,/files/ENCFF000SLW/,/files/ENCFF000SLX/,/files/ENCFF001SON/,/files/ENCFF001UVD/,/files/ENCFF195CXV/,/files/ENCFF422EDP/,/files/ENCFF427OPJ/,/files/ENCFF819EPB/,/files/ENCFF758ZIM/,/files/ENCFF035WVJ/,/files/ENCFF617TNM/,/files/ENCFF412SFU/,/files/ENCFF784LOG/,/files/ENCFF590UVV/,/files/ENCFF195QER/,/files/ENCFF825DHJ/,/files/ENCFF279SDX/,/files/ENCFF713YTW/,/files/ENCFF030PKK/,/files/ENCFF232TIM/,/files/ENCFF150GJA/,/files/ENCFF935IBW/,/files/ENCFF101TFE/,/files/ENCFF194IEC/,/files/ENCFF070BAN/,/files/ENCFF742TPI/,/files/ENCFF968USJ/,/files/ENCFF805ZYV/,/files/ENCFF856HCU/,/files/ENCFF039RTE/,/files/ENCFF380CBM/,/files/ENCFF755VVY/,/files/ENCFF085WKG/,/files/ENCFF851MCJ/,/files/ENCFF541QCI/,/files/ENCFF706KGZ/,/files/ENCFF156YOI/,/files/ENCFF378UXH/,/files/ENCFF345UUR/,/files/ENCFF933EUW/,/files/ENCFF678SEO/,/files/ENCFF087IIE/		ENCBS384ENC	1	2,1		Homo sapiens	unknown													/replicates/d60992bc-5d7c-4e57-98da-513fa87cd5b0/,/replicates/158c528d-6d52-46dc-9848-5ae6eda895d3/				
/experiments/ENCSR000EJL/	ENCSR000EJL	DNase-seq	DNase-seq				Homo sapiens GM19240	GM19240	UCSC-ENCODE-hg19:wgEncodeEH000568,GEO:GSM816648	Duke human GM19240 DNase-seq	Gregory Crawford, Duke	ENCODE	released	/files/ENCFF000ADE/,/files/ENCFF000SNN/,/files/ENCFF000SNM/,/files/ENCFF000SNO/,/files/ENCFF000SNQ/,/files/ENCFF000SNS/,/files/ENCFF000SNT/,/files/ENCFF000SNV/,/files/ENCFF001SOS/,/files/ENCFF001UVK/,/files/ENCFF097XPJ/,/files/ENCFF591OLK/,/files/ENCFF603XJF/,/files/ENCFF847DTY/,/files/ENCFF025TQR/,/files/ENCFF832ETI/,/files/ENCFF898QBB/,/files/ENCFF154ZZO/,/files/ENCFF775CNA/,/files/ENCFF689GEV/,/files/ENCFF032CMS/,/files/ENCFF205PGF/,/files/ENCFF187YNG/,/files/ENCFF814MPK/,/files/ENCFF071RVG/,/files/ENCFF874DLN/,/files/ENCFF922BTK/,/files/ENCFF318HUC/,/files/ENCFF164NKU/,/files/ENCFF998XTO/,/files/ENCFF505IVU/,/files/ENCFF009IVR/,/files/ENCFF026CWR/,/files/ENCFF542YVL/,/files/ENCFF006VJD/,/files/ENCFF901SKW/,/files/ENCFF412VVU/,/files/ENCFF687HXH/,/files/ENCFF321XCU/,/files/ENCFF056UWU/,/files/ENCFF469TWO/,/files/ENCFF883IIF/,/files/ENCFF415OHE/,/files/ENCFF437NVY/,/files/ENCFF949XIH/,/files/ENCFF594FRC/,/files/ENCFF106LSB/,/files/ENCFF078KDW/		ENCBS510ENC	1	1,2		Homo sapiens	unknown													/replicates/892dbc9b-cb28-4486-8bce-5d235fb4420c/,/replicates/f12a4178-4d02-4cdb-94d8-8b94697f640b/				
/experiments/ENCSR000EJR/	ENCSR000EJR	DNase-seq	DNase-seq				Homo sapiens HEK293T	HEK293T	GEO:GSM1008573,UCSC-ENCODE-hg19:wgEncodeEH002565	Duke human HEK293T DNase-seq	Gregory Crawford, Duke	ENCODE	released	/files/ENCFF000SPE/,/files/ENCFF000SPF/,/files/ENCFF000SPG/,/files/ENCFF000SPH/,/files/ENCFF000SPI/,/files/ENCFF000SPK/,/files/ENCFF000SQB/,/files/ENCFF001UVQ/,/files/ENCFF803AMK/,/files/ENCFF013WVF/,/files/ENCFF910QHN/,/files/ENCFF450LLY/,/files/ENCFF259MEZ/,/files/ENCFF626OML/,/files/ENCFF084GPM/,/files/ENCFF174BNZ/,/files/ENCFF747SFC/,/files/ENCFF890KIJ/,/files/ENCFF127KSH/,/files/ENCFF120XFB/,/files/ENCFF148BGE/,/files/ENCFF552YLW/,/files/ENCFF173VAD/,/files/ENCFF207WAS/,/files/ENCFF134IJS/,/files/ENCFF262LGT/,/files/ENCFF553CLB/,/files/ENCFF839LCK/,/files/ENCFF500HTP/,/files/ENCFF774HUB/,/files/ENCFF135NOY/,/files/ENCFF716SFD/,/files/ENCFF395FAQ/,/files/ENCFF916JSK/,/files/ENCFF447IQA/,/files/ENCFF529BOG/,/files/ENCFF522TAR/,/files/ENCFF877JMB/,/files/ENCFF364DKQ/,/files/ENCFF283AWX/,/files/ENCFF969MBJ/,/files/ENCFF680DCW/,/files/ENCFF011GKO/,/files/ENCFF057QOK/,/files/ENCFF285OXK/,/files/ENCFF631ZCQ/		ENCBS634AAA	1	2,1		Homo sapiens	embryonic													/replicates/a6e62cfe-300c-4d34-acb6-5f3adb5e1c75/,/replicates/4f435394-ac8e-4abc-a983-23deefaf683d/				
/experiments/ENCSR000ELT/	ENCSR000ELT	DNase-seq	DNase-seq				Homo sapiens T47D	T47D	GEO:GSM816673,UCSC-ENCODE-hg19:wgEncodeEH001109	DNase-seq on human T-47D	Gregory Crawford, Duke	ENCODE	released	/files/ENCFF000AEC/,/files/ENCFF000TEK/,/files/ENCFF000TEM/,/files/ENCFF000TEN/,/files/ENCFF000TEW/,/files/ENCFF000TEX/,/files/ENCFF000TEZ/,/files/ENCFF000TFC/,/files/ENCFF001SPQ/,/files/ENCFF001UXT/,/files/ENCFF564REJ/,/files/ENCFF342FHH/,/files/ENCFF244EME/,/files/ENCFF438HYD/,/files/ENCFF977KPA/,/files/ENCFF345ICO/,/files/ENCFF126UHD/,/files/ENCFF289OZJ/,/files/ENCFF417ZQU/,/files/ENCFF111ULC/,/files/ENCFF608JVH/,/files/ENCFF596QOY/,/files/ENCFF866JEI/,/files/ENCFF317NZX/,/files/ENCFF844PJV/,/files/ENCFF133AXL/,/files/ENCFF405MHJ/,/files/ENCFF568PHZ/,/files/ENCFF354KLQ/,/files/ENCFF205OIS/,/files/ENCFF376HOL/,/files/ENCFF386YPS/,/files/ENCFF342HXQ/,/files/ENCFF056IPL/,/files/ENCFF947CLT/,/files/ENCFF596SEV/,/files/ENCFF384HOF/,/files/ENCFF003TSN/,/files/ENCFF692XKF/,/files/ENCFF738ARL/,/files/ENCFF573JOB/,/files/ENCFF606YYY/,/files/ENCFF719KSC/,/files/ENCFF812TLX/,/files/ENCFF648BEB/,/files/ENCFF132FQU/,/files/ENCFF106BSS/,/files/ENCFF707BRY/	/experiment-series/ENCSR127UUX/	ENCBS610MSM	1	1,2		Homo sapiens	adult	54 years												/replicates/d38688f2-7021-47cf-ad0f-05bcd31d590b/,/replicates/806d0bd2-073f-4427-90ed-f35869fcf6f5/				
/experiments/ENCSR000EKP/	ENCSR000EKP	DNase-seq	DNase-seq				Homo sapiens K562 G2 phase	K562	GEO:GSM1008567,UCSC-ENCODE-hg19:wgEncodeEH003472	DNase-seq on human K562 treated to be in G2-M phase	Gregory Crawford, Duke	ENCODE	released	/files/ENCFF000SVV/,/files/ENCFF000SVW/,/files/ENCFF000SVX/,/files/ENCFF000SVY/,/files/ENCFF000SVZ/,/files/ENCFF000SWC/,/files/ENCFF000SWI/,/files/ENCFF000SWK/,/files/ENCFF000SWN/,/files/ENCFF001UWN/,/files/ENCFF459OTB/,/files/ENCFF334EVT/,/files/ENCFF541VNT/,/files/ENCFF206IBL/,/files/ENCFF762VOG/,/files/ENCFF632ATP/,/files/ENCFF635VMY/,/files/ENCFF540NJO/,/files/ENCFF942API/,/files/ENCFF057VSF/,/files/ENCFF062CGU/,/files/ENCFF515UNC/,/files/ENCFF384QYA/,/files/ENCFF154WUI/,/files/ENCFF082HNP/,/files/ENCFF106SJZ/,/files/ENCFF821ERW/,/files/ENCFF439GFD/,/files/ENCFF687VID/,/files/ENCFF451JVY/,/files/ENCFF496PNM/,/files/ENCFF286KTH/,/files/ENCFF826XIV/,/files/ENCFF414UYV/,/files/ENCFF869UXS/,/files/ENCFF121FEA/,/files/ENCFF890IXQ/,/files/ENCFF485CTM/,/files/ENCFF336FHU/,/files/ENCFF576FLS/,/files/ENCFF651CQK/,/files/ENCFF083QWT/,/files/ENCFF926HBH/,/files/ENCFF972YFJ/,/files/ENCFF602OZU/,/files/ENCFF334FEV/,/files/ENCFF264UFX/,/files/ENCFF112YJI/,/files/ENCFF612AHB/,/files/ENCFF850WVL/		ENCBS776AAA	1	1,3,2		Homo sapiens	adult	53 years												/replicates/1abdd27d-40e2-4161-ac0d-69512825bd58/,/replicates/48092a98-5887-413d-a0f4-ebdf092f64ca/,/replicates/30bd8946-2f91-41ee-9b59-b33487d6ef0a/				
/experiments/ENCSR000EKQ/	ENCSR000EKQ	DNase-seq	DNase-seq				Homo sapiens K562 G1 phase	K562	UCSC-ENCODE-hg19:wgEncodeEH003469,GEO:GSM1008602	DNase-seq on human K562 treated to be in G1 phase	Gregory Crawford, Duke	ENCODE	released	/files/ENCFF000SVP/,/files/ENCFF000SVQ/,/files/ENCFF000SVR/,/files/ENCFF000SVS/,/files/ENCFF000SVT/,/files/ENCFF000SVU/,/files/ENCFF000SWA/,/files/ENCFF000SWB/,/files/ENCFF000SWD/,/files/ENCFF001UWM/,/files/ENCFF194PTA/,/files/ENCFF799QKK/,/files/ENCFF134DPW/,/files/ENCFF336JZY/,/files/ENCFF155CAW/,/files/ENCFF414RRW/,/files/ENCFF756LDB/,/files/ENCFF626ZGS/,/files/ENCFF248CKT/,/files/ENCFF713KJG/,/files/ENCFF962AQP/,/files/ENCFF072VLL/,/files/ENCFF661CGH/,/files/ENCFF335TCS/,/files/ENCFF163JWC/,/files/ENCFF708UIS/,/files/ENCFF925ORN/,/files/ENCFF947LXJ/,/files/ENCFF826EBL/,/files/ENCFF179GFN/,/files/ENCFF159RED/,/files/ENCFF779QXC/,/files/ENCFF706EPX/,/files/ENCFF420RVK/,/files/ENCFF113ZZB/,/files/ENCFF047JXH/,/files/ENCFF762YQG/,/files/ENCFF631MUZ/,/files/ENCFF070STN/,/files/ENCFF222NBX/,/files/ENCFF708UMH/,/files/ENCFF280OEE/,/files/ENCFF503WXT/,/files/ENCFF805YPU/,/files/ENCFF556VNL/,/files/ENCFF651KVB/,/files/ENCFF429JJL/,/files/ENCFF628UDH/,/files/ENCFF110BEF/,/files/ENCFF319IQX/		ENCBS708KJA	1	2,1,3		Homo sapiens	adult	53 years												/replicates/f131e314-9a7e-43f5-a749-64a743dad115/,/replicates/3decb3ce-08fa-4726-8c04-529d78dfe448/,/replicates/488c6474-1170-4795-b2f5-ac51f6fb40a7/				
/experiments/ENCSR000EKK/	ENCSR000EKK	DNase-seq	DNase-seq				Homo sapiens iPS-NIHi7 originated from AG08395	iPS-NIHi7	GEO:GSM1008600,UCSC-ENCODE-hg19:wgEncodeEH002558	DNase-seq on human iPS NIHi7	Gregory Crawford, Duke	ENCODE	released	/files/ENCFF000SUJ/,/files/ENCFF000SUK/,/files/ENCFF000SUL/,/files/ENCFF000SUM/,/files/ENCFF000SUN/,/files/ENCFF000SUP/,/files/ENCFF000SUT/,/files/ENCFF000SUX/,/files/ENCFF000SUY/,/files/ENCFF001UWJ/,/files/ENCFF695VLL/,/files/ENCFF736NTA/,/files/ENCFF637TYS/,/files/ENCFF724OVN/,/files/ENCFF876SUL/,/files/ENCFF181WAE/,/files/ENCFF412ZLI/,/files/ENCFF595DJX/,/files/ENCFF076QJV/,/files/ENCFF017SYV/,/files/ENCFF979HHF/,/files/ENCFF211BHM/,/files/ENCFF652UCP/,/files/ENCFF714ZHV/,/files/ENCFF575TGY/,/files/ENCFF920NVC/,/files/ENCFF192YHC/,/files/ENCFF580LBW/,/files/ENCFF387OME/,/files/ENCFF124UED/,/files/ENCFF782QHJ/,/files/ENCFF016AKA/,/files/ENCFF572ODP/,/files/ENCFF295XKZ/,/files/ENCFF121LNX/,/files/ENCFF377ZVV/,/files/ENCFF281YXX/,/files/ENCFF542WPI/,/files/ENCFF903UGT/,/files/ENCFF104NAP/,/files/ENCFF806THQ/,/files/ENCFF850CWM/,/files/ENCFF867SEB/,/files/ENCFF710NCT/,/files/ENCFF532ILC/,/files/ENCFF071NFZ/		ENCBS557ENC	1	2,1,3		Homo sapiens	adult	85 years												/replicates/5f1ad86c-33ca-4359-883b-ec50ceb1ceff/,/replicates/bdb961f1-46cb-47ff-abe2-ee2c3f5471f6/,/replicates/ae47098e-5236-4b28-ae75-bbb95e3330f4/				
/experiments/ENCSR000EIN/	ENCSR000EIN	DNase-seq	DNase-seq				Homo sapiens COLO829	COLO829	GEO:GSM1008571,UCSC-ENCODE-hg19:wgEncodeEH002549	Duke human Colo829 DNase-seq	Gregory Crawford, Duke	ENCODE	released	/files/ENCFF000SGN/,/files/ENCFF000SGO/,/files/ENCFF000SGP/,/files/ENCFF000SGQ/,/files/ENCFF000SGR/,/files/ENCFF000SGX/,/files/ENCFF000SGY/,/files/ENCFF001UUM/,/files/ENCFF557RNT/,/files/ENCFF021PFZ/,/files/ENCFF995ZCH/,/files/ENCFF253FXK/,/files/ENCFF191ATD/,/files/ENCFF430ZNH/,/files/ENCFF863NDL/,/files/ENCFF524JVG/,/files/ENCFF342VBH/,/files/ENCFF793IFL/,/files/ENCFF517BND/,/files/ENCFF961MDT/,/files/ENCFF108VMQ/,/files/ENCFF466FQO/,/files/ENCFF447GIE/,/files/ENCFF334HHX/,/files/ENCFF579KRK/,/files/ENCFF084VEN/,/files/ENCFF345GFT/,/files/ENCFF237BXC/,/files/ENCFF960HMF/,/files/ENCFF608MXN/,/files/ENCFF412LGM/,/files/ENCFF323LVB/,/files/ENCFF562UEA/,/files/ENCFF934SWD/,/files/ENCFF684IHW/,/files/ENCFF603HIR/,/files/ENCFF415GNC/,/files/ENCFF746AXH/,/files/ENCFF427PEA/,/files/ENCFF404EVT/,/files/ENCFF026ESS/,/files/ENCFF199VFY/,/files/ENCFF570YYW/,/files/ENCFF617GOQ/,/files/ENCFF337KTP/,/files/ENCFF665QAH/		ENCBS172AAA	1	1,2		Homo sapiens	adult	45 years												/replicates/5b503dca-d69d-4eb1-ae6d-2dddee1820d9/,/replicates/90130f18-c53c-4e3b-85a4-7b10425c9bfb/				
/experiments/ENCSR000EIV/	ENCSR000EIV	DNase-seq	DNase-seq				Homo sapiens AG08395	AG08395	UCSC-ENCODE-hg19:wgEncodeEH002567,GEO:GSM1008575	DNase-seq on human FibroP (AG08395)	Gregory Crawford, Duke	ENCODE	released	/files/ENCFF000SIO/,/files/ENCFF000SIP/,/files/ENCFF000SIQ/,/files/ENCFF000SIR/,/files/ENCFF000SIT/,/files/ENCFF000SIU/,/files/ENCFF000SIW/,/files/ENCFF000SJB/,/files/ENCFF000SJK/,/files/ENCFF001UUU/,/files/ENCFF686LPQ/,/files/ENCFF778MMP/,/files/ENCFF719VYO/,/files/ENCFF864WWW/,/files/ENCFF959FXN/,/files/ENCFF548PGS/,/files/ENCFF340EIT/,/files/ENCFF501DLG/,/files/ENCFF553HKA/,/files/ENCFF309AFW/,/files/ENCFF166URY/,/files/ENCFF097NUZ/,/files/ENCFF295UTR/,/files/ENCFF443HIW/,/files/ENCFF535BNN/,/files/ENCFF323PDY/,/files/ENCFF510SQT/,/files/ENCFF660YSU/,/files/ENCFF475VKT/,/files/ENCFF871SGR/,/files/ENCFF624OXE/,/files/ENCFF558PWQ/,/files/ENCFF483KCI/,/files/ENCFF027BPD/,/files/ENCFF599ZHC/,/files/ENCFF791NON/,/files/ENCFF609EEP/,/files/ENCFF377XMZ/,/files/ENCFF193ZHZ/,/files/ENCFF588YQZ/,/files/ENCFF357MZL/,/files/ENCFF556MAE/,/files/ENCFF979FLI/,/files/ENCFF455IBB/,/files/ENCFF296IFK/,/files/ENCFF708CSY/,/files/ENCFF797JTU/,/files/ENCFF790DNB/,/files/ENCFF003DJQ/,/files/ENCFF161NVU/,/files/ENCFF565EKR/,/files/ENCFF991GOM/,/files/ENCFF338PAL/	/matched-sets/ENCSR036ZLG/,/organism-development-series/ENCSR694TIR/	ENCBS287AAA	1	2,3,1		Homo sapiens	adult	85 years												/replicates/c02723b6-c780-42c9-9155-dfad3b47e4bb/,/replicates/496783be-0695-427c-905a-683aa08d8f15/,/replicates/418796ec-71a2-4966-8e67-cead2ee194ab/				
/experiments/ENCSR000EJI/	ENCSR000EJI	DNase-seq	DNase-seq				Homo sapiens GM18507	GM18507	GEO:GSM816653,UCSC-ENCODE-hg19:wgEncodeEH000581	Duke human GM18507 DNase-seq	Gregory Crawford, Duke	ENCODE	released	/files/ENCFF000ADB/,/files/ENCFF000SML/,/files/ENCFF000SMM/,/files/ENCFF000SMN/,/files/ENCFF000SMO/,/files/ENCFF000SMQ/,/files/ENCFF000SMS/,/files/ENCFF000SMT/,/files/ENCFF000SMU/,/files/ENCFF000SMV/,/files/ENCFF000SMZ/,/files/ENCFF001SOP/,/files/ENCFF001UVH/,/files/ENCFF573MKX/,/files/ENCFF128ASA/,/files/ENCFF949KDI/,/files/ENCFF112WXM/,/files/ENCFF889DVN/,/files/ENCFF143MCZ/,/files/ENCFF297ZJU/,/files/ENCFF198ZQT/,/files/ENCFF947TUV/,/files/ENCFF647UTP/,/files/ENCFF794URA/,/files/ENCFF418WZL/,/files/ENCFF341FTK/,/files/ENCFF460LGJ/,/files/ENCFF172ZOZ/,/files/ENCFF381NEI/,/files/ENCFF714ZSE/,/files/ENCFF637LDR/,/files/ENCFF595ELN/,/files/ENCFF697GPX/,/files/ENCFF936EHW/,/files/ENCFF096XYY/,/files/ENCFF521BNZ/,/files/ENCFF348UIO/,/files/ENCFF627YSB/,/files/ENCFF536PAN/,/files/ENCFF473NXT/,/files/ENCFF189VEP/,/files/ENCFF189SDB/,/files/ENCFF362CVT/,/files/ENCFF103RZR/,/files/ENCFF526HRB/,/files/ENCFF581ISD/,/files/ENCFF804MVE/,/files/ENCFF587IIJ/,/files/ENCFF631TIE/,/files/ENCFF152LER/,/files/ENCFF238KGC/,/files/ENCFF263STX/,/files/ENCFF722SNN/		ENCBS222AAA	1	2,1,3		Homo sapiens	unknown													/replicates/a50086f5-da95-4fa9-9b9f-06ef5dc11a64/,/replicates/f53adfdd-3dbe-4dae-9f3c-fd33f80b20ca/,/replicates/7f40212b-1bc8-4302-b468-f33df38b5bf8/				
/experiments/ENCSR000EKJ/	ENCSR000EKJ	DNase-seq	DNase-seq				Homo sapiens iPS-NIHi11 originated from AG20443	iPS-NIHi11	UCSC-ENCODE-hg19:wgEncodeEH002561,GEO:GSM1008569	DNase-seq on human iPS NIHi11	Gregory Crawford, Duke	ENCODE	released	/files/ENCFF000STZ/,/files/ENCFF000SUC/,/files/ENCFF000SUD/,/files/ENCFF000SUE/,/files/ENCFF000SUF/,/files/ENCFF000SUG/,/files/ENCFF000SUI/,/files/ENCFF000SUO/,/files/ENCFF000SUQ/,/files/ENCFF001UWI/,/files/ENCFF334VCI/,/files/ENCFF106SQN/,/files/ENCFF952PFP/,/files/ENCFF431OOZ/,/files/ENCFF790CEH/,/files/ENCFF340EQQ/,/files/ENCFF214KJH/,/files/ENCFF735BRL/,/files/ENCFF802JIO/,/files/ENCFF528CJO/,/files/ENCFF218EWL/,/files/ENCFF692GEK/,/files/ENCFF966TAG/,/files/ENCFF157LBK/,/files/ENCFF565AEK/,/files/ENCFF676DSS/,/files/ENCFF413KJE/,/files/ENCFF675VHK/,/files/ENCFF805IJX/,/files/ENCFF384PSA/,/files/ENCFF271XMS/,/files/ENCFF211EHG/,/files/ENCFF994LZN/,/files/ENCFF365FJR/,/files/ENCFF030BEV/,/files/ENCFF123QVF/,/files/ENCFF775UKI/,/files/ENCFF079UCU/,/files/ENCFF975WFY/,/files/ENCFF689MGG/,/files/ENCFF053TLA/,/files/ENCFF230WKR/,/files/ENCFF258SGI/,/files/ENCFF012FPM/,/files/ENCFF726OQR/,/files/ENCFF702MCZ/,/files/ENCFF669SYE/,/files/ENCFF197AFZ/,/files/ENCFF097YES/,/files/ENCFF407FKI/		ENCBS556ENC	1	1,3,2		Homo sapiens	adult	71 years												/replicates/cc73f1b4-1ec1-47b0-bd85-63581d63a0d1/,/replicates/5187ab6b-b348-40bc-90e4-c232e9b603d4/,/replicates/d16341f1-20e3-4f1d-9726-6c9e10ca42d4/				
/experiments/ENCSR000EJJ/	ENCSR000EJJ	DNase-seq	DNase-seq				Homo sapiens GM19238	GM19238	GEO:GSM816658,UCSC-ENCODE-hg19:wgEncodeEH000566	Duke human GM19238 DNase-seq	Gregory Crawford, Duke	ENCODE	released	/files/ENCFF000ADC/,/files/ENCFF000SMW/,/files/ENCFF000SMX/,/files/ENCFF000SMY/,/files/ENCFF000SNA/,/files/ENCFF000SNC/,/files/ENCFF000SNE/,/files/ENCFF000SNJ/,/files/ENCFF001SOQ/,/files/ENCFF001UVI/,/files/ENCFF031MGE/,/files/ENCFF388ZTH/,/files/ENCFF956JDL/,/files/ENCFF222KTR/,/files/ENCFF352NCW/,/files/ENCFF928IKG/,/files/ENCFF233YJE/,/files/ENCFF399QLG/,/files/ENCFF338MFP/,/files/ENCFF600XGW/,/files/ENCFF288TAT/,/files/ENCFF838NNF/,/files/ENCFF385ITM/,/files/ENCFF062OHQ/,/files/ENCFF628NUG/,/files/ENCFF536HCK/,/files/ENCFF510PKR/,/files/ENCFF686VVE/,/files/ENCFF674WOX/,/files/ENCFF922XJY/,/files/ENCFF563XFY/,/files/ENCFF539AMW/,/files/ENCFF368SYC/,/files/ENCFF412NIS/,/files/ENCFF416OFP/,/files/ENCFF776SET/,/files/ENCFF474LOI/,/files/ENCFF104GTA/,/files/ENCFF799IZO/,/files/ENCFF985KOZ/,/files/ENCFF141NCQ/,/files/ENCFF248PCY/,/files/ENCFF430SVT/,/files/ENCFF153GQF/,/files/ENCFF807JDG/,/files/ENCFF945TMZ/,/files/ENCFF013CYL/,/files/ENCFF572FZH/		ENCBS509ENC	1	2,1		Homo sapiens	unknown													/replicates/a4985f17-0fd8-49d5-9c37-1f25b32c2932/,/replicates/4d97c002-52d4-47c5-bd2d-24aa5d8ed1dc/				
/experiments/ENCSR000EJM/	ENCSR000EJM	DNase-seq	DNase-seq				Homo sapiens GM20000	GM20000	UCSC-ENCODE-hg19:wgEncodeEH003485,GEO:GSM1008587	Duke human GM20000 DNase-seq	Gregory Crawford, Duke	ENCODE	released	/files/ENCFF000SNU/,/files/ENCFF000SNW/,/files/ENCFF000SNX/,/files/ENCFF000SNY/,/files/ENCFF000SNZ/,/files/ENCFF000SOG/,/files/ENCFF000SOJ/,/files/ENCFF001UVL/,/files/ENCFF181TJY/,/files/ENCFF028WKB/,/files/ENCFF859GFP/,/files/ENCFF506XEP/,/files/ENCFF619SFD/,/files/ENCFF506KKF/,/files/ENCFF365DIG/,/files/ENCFF178FRA/,/files/ENCFF386SPY/,/files/ENCFF431DCA/,/files/ENCFF587WEN/,/files/ENCFF570RLS/,/files/ENCFF861ODC/,/files/ENCFF885MQT/		ENCBS223AAA	1	2,1		Homo sapiens	child	1 year												/replicates/37964e3d-2a94-46c6-af1c-fdc5cec2d5a0/,/replicates/d7e437ad-7b04-4297-ae16-3608a1f7be41/				
/experiments/ENCSR000ELA/	ENCSR000ELA	DNase-seq	DNase-seq				Homo sapiens D721Med	D721Med	GEO:GSM816636,UCSC-ENCODE-hg19:wgEncodeEH000574	Duke human Medullo DNase-seq	Gregory Crawford, Duke	ENCODE	released	/files/ENCFF000ADS/,/files/ENCFF000SZS/,/files/ENCFF000SZT/,/files/ENCFF000SZU/,/files/ENCFF000SZX/,/files/ENCFF000SZY/,/files/ENCFF000TAD/,/files/ENCFF000TAE/,/files/ENCFF001SPG/,/files/ENCFF001UXA/,/files/ENCFF084MDR/,/files/ENCFF637RVC/,/files/ENCFF842GQD/,/files/ENCFF611NKL/,/files/ENCFF243ISB/,/files/ENCFF977FLR/,/files/ENCFF652AMA/,/files/ENCFF535ALA/,/files/ENCFF823MHB/,/files/ENCFF493FNU/,/files/ENCFF773TDC/,/files/ENCFF090MXU/,/files/ENCFF661PXJ/,/files/ENCFF833HZV/,/files/ENCFF585BKY/,/files/ENCFF204JAK/,/files/ENCFF546EQE/,/files/ENCFF148MAV/,/files/ENCFF354GCE/,/files/ENCFF029KDY/,/files/ENCFF083JDQ/,/files/ENCFF180PED/,/files/ENCFF406ESY/,/files/ENCFF336ZOR/,/files/ENCFF792YWN/,/files/ENCFF061UOR/,/files/ENCFF178BGZ/,/files/ENCFF700PQH/,/files/ENCFF722JSP/,/files/ENCFF561STD/,/files/ENCFF271DNF/,/files/ENCFF715SIC/,/files/ENCFF282DDM/,/files/ENCFF650CJU/,/files/ENCFF538JOP/,/files/ENCFF169ESL/,/files/ENCFF152ICA/,/files/ENCFF855PPS/		ENCBS253AAA	1	2,1		Homo sapiens	child	2 years												/replicates/2cac71f2-de3b-4560-ad1b-7125fcad0411/,/replicates/e6f5366f-edff-4cf9-84d5-725c69f51a21/				
/experiments/ENCSR000EJN/	ENCSR000EJN	DNase-seq	DNase-seq				Homo sapiens H1	H1	GEO:GSM816632,UCSC-ENCODE-hg19:wgEncodeEH000556	Duke human H1-hESC DNase-seq	Gregory Crawford, Duke	ENCODE	released	/files/ENCFF000SOA/,/files/ENCFF000SOB/,/files/ENCFF000SOC/,/files/ENCFF000SOD/,/files/ENCFF000SOE/,/files/ENCFF000SOF/,/files/ENCFF000SOH/,/files/ENCFF001UVM/,/files/ENCFF520BEZ/,/files/ENCFF153AVZ/,/files/ENCFF947IXO/,/files/ENCFF839IID/,/files/ENCFF896QPX/,/files/ENCFF562GPE/,/files/ENCFF541CXS/,/files/ENCFF175AGN/,/files/ENCFF444NGN/,/files/ENCFF271WAD/,/files/ENCFF398SGI/,/files/ENCFF393NVR/,/files/ENCFF915LEP/,/files/ENCFF153XQL/,/files/ENCFF256CXZ/,/files/ENCFF951HEQ/,/files/ENCFF187RGR/,/files/ENCFF803XYD/,/files/ENCFF274IMF/,/files/ENCFF176HAS/,/files/ENCFF902URC/,/files/ENCFF233CHA/,/files/ENCFF224IPG/,/files/ENCFF543ZYB/,/files/ENCFF098ELN/,/files/ENCFF284ZVH/,/files/ENCFF761ZRE/,/files/ENCFF942WKV/,/files/ENCFF188RKP/,/files/ENCFF518NXY/,/files/ENCFF808LUR/,/files/ENCFF810HSN/,/files/ENCFF404YRF/,/files/ENCFF915WAL/,/files/ENCFF726ZCF/,/files/ENCFF065NRB/,/files/ENCFF658LGK/,/files/ENCFF463XXL/	/experiment-series/ENCSR441WVD/	ENCBS780AAA	1	2,1		Homo sapiens	embryonic													/replicates/3f944b25-cc02-4a58-8ef9-9a2c90db169c/,/replicates/831cabfc-9c34-4955-a3c5-ee2aa557f4b1/				
/experiments/ENCSR000EJB/	ENCSR000EJB	DNase-seq	DNase-seq				Homo sapiens GM10248	GM10248	GEO:GSM1008589,UCSC-ENCODE-hg19:wgEncodeEH003487	Duke human GM10248 DNase-seq	Gregory Crawford, Duke	ENCODE	released	/files/ENCFF000SKK/,/files/ENCFF000SKL/,/files/ENCFF000SKM/,/files/ENCFF000SKO/,/files/ENCFF000SKP/,/files/ENCFF000SKX/,/files/ENCFF000SKY/,/files/ENCFF001UVA/,/files/ENCFF631XTU/,/files/ENCFF495SQQ/,/files/ENCFF361PEP/,/files/ENCFF796GGJ/,/files/ENCFF244DVV/,/files/ENCFF993WFE/,/files/ENCFF529GTE/,/files/ENCFF038OMI/,/files/ENCFF176YAH/,/files/ENCFF675SLJ/,/files/ENCFF529FTC/,/files/ENCFF301AOM/,/files/ENCFF149TAY/,/files/ENCFF652JRP/,/files/ENCFF115TTF/,/files/ENCFF351NNJ/,/files/ENCFF976UHK/,/files/ENCFF398DCJ/,/files/ENCFF225ANB/,/files/ENCFF910SFL/,/files/ENCFF826PJP/,/files/ENCFF732CAX/,/files/ENCFF428MNL/,/files/ENCFF148CEZ/,/files/ENCFF830OFD/,/files/ENCFF240YYZ/,/files/ENCFF708XRM/,/files/ENCFF186KUO/,/files/ENCFF034LUU/,/files/ENCFF654IDD/,/files/ENCFF662QWY/,/files/ENCFF781ABT/,/files/ENCFF865QUK/,/files/ENCFF945HGT/,/files/ENCFF818LFR/,/files/ENCFF238AOY/,/files/ENCFF619DUW/,/files/ENCFF720TYC/		ENCBS183AAA	1	1,2		Homo sapiens	unknown	32 years												/replicates/0b9064ea-a1ca-401c-aa76-966cad4da7cb/,/replicates/014e5c00-842e-4560-ba32-45df41c06b38/				
/experiments/ENCSR000EJA/	ENCSR000EJA	DNase-seq	DNase-seq				Homo sapiens H54	H54	GEO:GSM816668,UCSC-ENCODE-hg19:wgEncodeEH001100	DNase-seq on human glioblastoma multiforme	Gregory Crawford, Duke	ENCODE	released	/files/ENCFF000ACY/,/files/ENCFF000SKB/,/files/ENCFF000SKC/,/files/ENCFF000SKD/,/files/ENCFF000SKF/,/files/ENCFF000SKH/,/files/ENCFF000SKI/,/files/ENCFF000SKJ/,/files/ENCFF001SOM/,/files/ENCFF001UUZ/,/files/ENCFF234UMX/,/files/ENCFF012VAE/,/files/ENCFF371LZG/,/files/ENCFF897TLN/,/files/ENCFF647LAZ/,/files/ENCFF350KIQ/,/files/ENCFF311QBO/,/files/ENCFF899BVM/,/files/ENCFF953ILO/,/files/ENCFF124HGG/,/files/ENCFF071ZQB/,/files/ENCFF783ZJF/,/files/ENCFF103TWU/,/files/ENCFF621CNQ/,/files/ENCFF452DLO/,/files/ENCFF368JFL/,/files/ENCFF044WIN/,/files/ENCFF590XSK/,/files/ENCFF080HFP/,/files/ENCFF150UGU/,/files/ENCFF554CZE/,/files/ENCFF894HWX/,/files/ENCFF508KJH/,/files/ENCFF456JPS/,/files/ENCFF185MEA/,/files/ENCFF506OBB/,/files/ENCFF944UXS/,/files/ENCFF336OBG/,/files/ENCFF708YDP/,/files/ENCFF327RNO/,/files/ENCFF358SXO/,/files/ENCFF418HNN/,/files/ENCFF604GAE/,/files/ENCFF224XHZ/,/files/ENCFF713MAT/,/files/ENCFF887RRT/,/files/ENCFF902XKA/,/files/ENCFF700UCP/		ENCBS173AAA	1	2,1		Homo sapiens	adult	36 years												/replicates/1eaaa9af-3ef3-49f8-80e4-64720892cf84/,/replicates/26d9224a-e5d2-4b7d-a2e5-813586601609/				
/experiments/ENCSR000ELP/	ENCSR000ELP	DNase-seq	DNase-seq				Homo sapiens RWPE1	RWPE1	UCSC-ENCODE-hg19:wgEncodeEH002553,GEO:GSM1008595	Duke human RWPE1 DNase-seq	Gregory Crawford, Duke	ENCODE	released	/files/ENCFF000AEA/,/files/ENCFF000TDR/,/files/ENCFF000TDS/,/files/ENCFF000TDT/,/files/ENCFF000TDU/,/files/ENCFF000TDV/,/files/ENCFF000TDW/,/files/ENCFF000TDX/,/files/ENCFF001SPO/,/files/ENCFF001UXP/,/files/ENCFF741TNV/,/files/ENCFF464DKS/,/files/ENCFF425WNJ/,/files/ENCFF065JGY/,/files/ENCFF275VBY/,/files/ENCFF172RUX/,/files/ENCFF963DPC/,/files/ENCFF686WSE/,/files/ENCFF515LVO/,/files/ENCFF442CBR/,/files/ENCFF192CKV/,/files/ENCFF160BMO/,/files/ENCFF497SLL/,/files/ENCFF439YCY/,/files/ENCFF814ZOU/,/files/ENCFF726SES/,/files/ENCFF114QCR/,/files/ENCFF813HYN/,/files/ENCFF295RHS/,/files/ENCFF076FIW/,/files/ENCFF251SPD/,/files/ENCFF769WEQ/,/files/ENCFF688CCE/,/files/ENCFF753GIZ/,/files/ENCFF038KBQ/,/files/ENCFF676LDV/,/files/ENCFF963STM/,/files/ENCFF407NBI/,/files/ENCFF180XAY/,/files/ENCFF870IUU/,/files/ENCFF459IEK/,/files/ENCFF666AUK/,/files/ENCFF704UFL/,/files/ENCFF160CHO/,/files/ENCFF064BGD/,/files/ENCFF141HXC/,/files/ENCFF383AGH/,/files/ENCFF015OVK/		ENCBS263AAA	1	1,2		Homo sapiens	adult	54 years												/replicates/6c0fe82b-63f3-475d-84e0-1f5617072e6b/,/replicates/3d4b9810-69d1-434a-8dd8-53e6c596c21b/				
/experiments/ENCSR000EKS/	ENCSR000EKS	DNase-seq	DNase-seq				Homo sapiens K562	K562	GEO:GSM816655,UCSC-ENCODE-hg19:wgEncodeEH000530	Duke human K562 DNase-seq	Gregory Crawford, Duke	ENCODE	released	/files/ENCFF000SVL/,/files/ENCFF000SVO/,/files/ENCFF000SWM/,/files/ENCFF000SWU/,/files/ENCFF000SWY/,/files/ENCFF000SXA/,/files/ENCFF000SXM/,/files/ENCFF000SXN/,/files/ENCFF001UWQ/,/files/ENCFF250HHH/,/files/ENCFF422TET/,/files/ENCFF554NWU/,/files/ENCFF331UKL/,/files/ENCFF163PXS/,/files/ENCFF728EJF/,/files/ENCFF162UKK/,/files/ENCFF621ZJY/,/files/ENCFF570QYB/,/files/ENCFF476SHI/,/files/ENCFF521TFD/,/files/ENCFF546NPD/,/files/ENCFF343HTD/,/files/ENCFF164MVZ/,/files/ENCFF094AQV/,/files/ENCFF452XDU/,/files/ENCFF308EXP/,/files/ENCFF491TBW/,/files/ENCFF863KDD/,/files/ENCFF892YSD/,/files/ENCFF445IJB/,/files/ENCFF793QVV/,/files/ENCFF826DJP/,/files/ENCFF634SQA/,/files/ENCFF262LRC/,/files/ENCFF352SET/,/files/ENCFF290MKA/,/files/ENCFF923MSS/,/files/ENCFF257HEE/,/files/ENCFF228ZKA/,/files/ENCFF987GYT/,/files/ENCFF070TML/,/files/ENCFF972GVB/,/files/ENCFF987IUK/,/files/ENCFF361VGY/,/files/ENCFF007UIW/,/files/ENCFF771QAQ/,/files/ENCFF832NEN/,/files/ENCFF274YGF/,/files/ENCFF137EOR/	/experiment-series/ENCSR117ZXS/	ENCBS775AAA	1	3,2,1		Homo sapiens	adult	53 years												/replicates/22c33666-6355-459a-99b9-4ac6f85099f8/,/replicates/30f5bc21-d9c9-42a6-92e8-145db426be13/,/replicates/d180011d-6767-49fe-998d-a81ebc16a9c3/				
