/experiments/ENCSR115YPI/	ENCSR115YPI	DNase-seq	DNase-seq				Homo sapiens hematopoietic multipotent progenitor cell treated with erythropoietin for 20 days, hydrocortisone succinate for 20 days, kit ligand for 20 days, interleukin-3 for 20 days	hematopoietic multipotent progenitor cell	GEO:GSE172789		John Stamatoyannopoulos, UW	ENCODE	released	/files/ENCFF558RWT/,/files/ENCFF294MOK/,/files/ENCFF257NJR/,/files/ENCFF159EMB/,/files/ENCFF661KTZ/,/files/ENCFF269EVF/,/files/ENCFF005VJQ/,/files/ENCFF986NWU/,/files/ENCFF771PWA/,/files/ENCFF644USV/,/files/ENCFF814YID/,/files/ENCFF745SHN/,/files/ENCFF515CNP/,/files/ENCFF462UCI/,/files/ENCFF068RHR/,/files/ENCFF923KCL/,/files/ENCFF092DRK/,/files/ENCFF105IIT/,/files/ENCFF172QAB/,/files/ENCFF136YVL/,/files/ENCFF564JPO/,/files/ENCFF305BGM/,/files/ENCFF463GFS/,/files/ENCFF144FVV/,/files/ENCFF009QXX/,/files/ENCFF238CXM/,/files/ENCFF037LQW/,/files/ENCFF472OJV/,/files/ENCFF133ZNU/,/files/ENCFF590CFW/,/files/ENCFF338HAQ/,/files/ENCFF119WIR/,/files/ENCFF413MXL/,/files/ENCFF606WAB/	/treatment-time-series/ENCSR963OVY/	ENCBS233BAS	1	1		Homo sapiens	adult	25 years	erythropoietin,hydrocortisone succinate,kit ligand,interleukin-3	CHEBI:81579,CHEBI:31677,UniProtKB:P21583,UniProtKB:P08700			20	day						/replicates/516967c4-7d8b-44a3-825c-69a57ef8469b/				
/experiments/ENCSR970DQR/	ENCSR970DQR	DNase-seq	DNase-seq				Homo sapiens chondrocyte	chondrocyte			John Stamatoyannopoulos, UW	ENCODE	released	/files/ENCFF436ZMZ/,/files/ENCFF296FWD/,/files/ENCFF772OPV/,/files/ENCFF932CHK/,/files/ENCFF728MPK/,/files/ENCFF515FJZ/,/files/ENCFF652AKQ/,/files/ENCFF846HIT/,/files/ENCFF469BPT/,/files/ENCFF082QHJ/,/files/ENCFF098QWQ/,/files/ENCFF099TKH/,/files/ENCFF355UMF/,/files/ENCFF203UNI/,/files/ENCFF020QSK/,/files/ENCFF589WGT/,/files/ENCFF213NSX/,/files/ENCFF415JHE/,/files/ENCFF534ZOL/,/files/ENCFF750ORP/,/files/ENCFF657PMM/,/files/ENCFF407HCZ/,/files/ENCFF272IGI/,/files/ENCFF429PXE/,/files/ENCFF141QPT/,/files/ENCFF774SBJ/,/files/ENCFF319TRQ/,/files/ENCFF501CWF/,/files/ENCFF709TXZ/,/files/ENCFF807AUZ/,/files/ENCFF081PUD/,/files/ENCFF319ZIW/		ENCBS360ANT,ENCBS994JQF	1,2	1		Homo sapiens	embryonic	5 days												/replicates/e1738ac4-36cf-4805-9564-268798f8a5f3/,/replicates/c8f77442-16e4-490b-9af5-8cfbf34bf45b/				
/experiments/ENCSR658EHM/	ENCSR658EHM	DNase-seq	DNase-seq				Homo sapiens mesothelial cell of epicardium	mesothelial cell of epicardium	GEO:GSE187808		John Stamatoyannopoulos, UW	ENCODE	released	/files/ENCFF566BTA/,/files/ENCFF680MEF/,/files/ENCFF098JXO/,/files/ENCFF876OCG/,/files/ENCFF125DBT/,/files/ENCFF291PBQ/,/files/ENCFF353ILO/,/files/ENCFF459ABW/,/files/ENCFF666PKO/,/files/ENCFF139MJE/,/files/ENCFF239RYB/,/files/ENCFF029JLU/,/files/ENCFF432DQA/,/files/ENCFF970DBN/,/files/ENCFF507BQA/,/files/ENCFF973MDZ/		ENCBS918RHD	1	1		Homo sapiens	embryonic	5 days												/replicates/138a73df-2830-4788-a6ea-f264382f2bc8/				
/experiments/ENCSR000EPD/	ENCSR000EPD	DNase-seq	DNase-seq				Homo sapiens myocyte originated from LHCN-M2	myocyte	GEO:GSM1024772,SCREEN-GRCh38:myocyte_originated_from_LHCN-M2,UCSC-ENCODE-hg19:wgEncodeEH003154,UCSC-ENCODE-hg19:wgEncodeEH003006	DNase-seq on human LHCN-M2 differentiated for 4 days	John Stamatoyannopoulos, UW	ENCODE	released	/files/ENCFF001BUN/,/files/ENCFF001BUO/,/files/ENCFF001BUP/,/files/ENCFF001BVQ/,/files/ENCFF001BXP/,/files/ENCFF001DUO/,/files/ENCFF001DUQ/,/files/ENCFF001DUR/,/files/ENCFF001DVJ/,/files/ENCFF001WBJ/,/files/ENCFF001WBK/,/files/ENCFF001WOZ/,/files/ENCFF001WPB/,/files/ENCFF001DUP/,/files/ENCFF001DUS/,/files/ENCFF001DVA/,/files/ENCFF001DVK/,/files/ENCFF001WPA/,/files/ENCFF001WPC/,/files/ENCFF952QAC/,/files/ENCFF359CTM/,/files/ENCFF177STA/,/files/ENCFF207IGL/,/files/ENCFF462MLT/,/files/ENCFF250KMK/,/files/ENCFF744GSW/,/files/ENCFF151UVE/,/files/ENCFF221VCH/,/files/ENCFF347WGS/,/files/ENCFF186RIJ/,/files/ENCFF675VWC/,/files/ENCFF717GPW/,/files/ENCFF822UVF/,/files/ENCFF797RJZ/,/files/ENCFF249NQM/,/files/ENCFF420YWL/,/files/ENCFF806QDV/,/files/ENCFF569RBH/,/files/ENCFF816XVR/,/files/ENCFF950BRN/,/files/ENCFF875SKJ/,/files/ENCFF422QMN/,/files/ENCFF313GNP/,/files/ENCFF042QTI/,/files/ENCFF748YJM/,/files/ENCFF660NDR/,/files/ENCFF465WTP/,/files/ENCFF914LBP/,/files/ENCFF258WTG/,/files/ENCFF710LSL/,/files/ENCFF552ASZ/,/files/ENCFF394GWM/,/files/ENCFF457EHW/,/files/ENCFF004DYM/,/files/ENCFF650EHR/,/files/ENCFF438BHW/,/files/ENCFF838XLD/,/files/ENCFF362PAP/,/files/ENCFF366TQL/,/files/ENCFF086SYC/,/files/ENCFF468UGD/,/files/ENCFF871ASZ/,/files/ENCFF365MCI/,/files/ENCFF083EPM/,/files/ENCFF132ODY/,/files/ENCFF613IWR/,/files/ENCFF139KTJ/,/files/ENCFF517TZQ/,/files/ENCFF547VBP/,/files/ENCFF619YNM/,/files/ENCFF097CRX/,/files/ENCFF707KWS/,/files/ENCFF364GRM/,/files/ENCFF468IRN/,/files/ENCFF564RIN/,/files/ENCFF932RDX/,/files/ENCFF930AVT/,/files/ENCFF053YVB/,/files/ENCFF325ANT/		ENCBS234AAA,ENCBS869RCC	1,2	1,3		Homo sapiens	adult	41 years												/replicates/2cd2edc4-3381-4fe8-9e7b-0891186e1d94/,/replicates/debfc29c-ab78-4ae0-953b-22248b45f9ea/,/replicates/5196a97b-505c-4d56-a61c-d7a1135b1428/				
/experiments/ENCSR940CXU/	ENCSR940CXU	DNase-seq	DNase-seq				Homo sapiens endodermal cell originated from H1	endodermal cell			John Stamatoyannopoulos, UW	ENCODE	released	/files/ENCFF228GPO/,/files/ENCFF890MLE/,/files/ENCFF716SSH/,/files/ENCFF336HSD/,/files/ENCFF712KCX/,/files/ENCFF527DUV/,/files/ENCFF800HSD/,/files/ENCFF953MMX/,/files/ENCFF822QGK/,/files/ENCFF999SYR/,/files/ENCFF642DIW/,/files/ENCFF692ITZ/,/files/ENCFF799NOT/,/files/ENCFF018HXM/,/files/ENCFF683XXI/,/files/ENCFF962DBL/		ENCBS543YDE	1	1		Homo sapiens	embryonic													/replicates/52ac3df1-33f8-41cb-9d0e-564f0f5557a6/				
/experiments/ENCSR845CFB/	ENCSR845CFB	DNase-seq	DNase-seq				Homo sapiens hematopoietic multipotent progenitor cell treated with interleukin-3 for 8 days, kit ligand for 8 days, hydrocortisone succinate for 8 days, erythropoietin for 8 days	hematopoietic multipotent progenitor cell	GEO:GSE90411,SCREEN-GRCh38:hematopoietic_multipotent_progenitor_cell_treated_with_interleukin-3_kit_ligand_hydrocortisone_succinate_erythropoietin_8_day_treatment	DNase-seq on 25 year old human male hematopoietic multipotent progenitor cell	John Stamatoyannopoulos, UW	ENCODE	released	/files/ENCFF561FAQ/,/files/ENCFF012VTX/,/files/ENCFF360YUX/,/files/ENCFF178PWC/,/files/ENCFF206RHC/,/files/ENCFF053NCF/,/files/ENCFF159FWR/,/files/ENCFF328XUE/,/files/ENCFF314TZW/,/files/ENCFF150TBB/,/files/ENCFF848QPD/,/files/ENCFF475MIL/,/files/ENCFF674SBU/,/files/ENCFF601ORP/,/files/ENCFF786TTA/,/files/ENCFF126GDU/,/files/ENCFF607CEJ/,/files/ENCFF302ZEI/,/files/ENCFF230ASG/,/files/ENCFF973BQZ/,/files/ENCFF994YWK/,/files/ENCFF017ANR/,/files/ENCFF206QEJ/,/files/ENCFF072ZRL/,/files/ENCFF530BVC/,/files/ENCFF494RAU/,/files/ENCFF097TEB/,/files/ENCFF965YFX/,/files/ENCFF770OER/,/files/ENCFF060IWI/,/files/ENCFF366QVI/,/files/ENCFF745QTF/,/files/ENCFF553WLM/,/files/ENCFF978MHM/,/files/ENCFF283CFW/,/files/ENCFF026SRM/,/files/ENCFF352YCF/,/files/ENCFF722JRP/,/files/ENCFF427DBM/,/files/ENCFF275VIO/,/files/ENCFF253CVX/,/files/ENCFF543NVX/,/files/ENCFF833MFV/,/files/ENCFF573OMB/,/files/ENCFF800QVD/,/files/ENCFF367KYY/,/files/ENCFF201XMM/,/files/ENCFF293KDX/,/files/ENCFF561GLI/,/files/ENCFF239UJU/,/files/ENCFF200IYH/,/files/ENCFF681WSZ/,/files/ENCFF943OMH/,/files/ENCFF127UUH/,/files/ENCFF311CBH/,/files/ENCFF753UKX/,/files/ENCFF552QTV/,/files/ENCFF408AKJ/,/files/ENCFF425PQE/,/files/ENCFF798OKA/,/files/ENCFF869VZS/,/files/ENCFF142QQY/,/files/ENCFF498OAO/,/files/ENCFF692KEW/,/files/ENCFF729RXE/,/files/ENCFF836SMZ/,/files/ENCFF689QYS/,/files/ENCFF891EBO/,/files/ENCFF431EES/,/files/ENCFF448JLF/,/files/ENCFF407IBA/,/files/ENCFF832AHG/,/files/ENCFF832VBB/,/files/ENCFF255STF/,/files/ENCFF497SOH/,/files/ENCFF016XZZ/,/files/ENCFF884HGF/,/files/ENCFF800PMS/,/files/ENCFF202GSR/,/files/ENCFF234POK/,/files/ENCFF694DCR/,/files/ENCFF464FOB/,/files/ENCFF779ZIU/,/files/ENCFF799ERX/,/files/ENCFF756ZLM/,/files/ENCFF213LNN/,/files/ENCFF985THA/,/files/ENCFF372SDQ/,/files/ENCFF095VZI/,/files/ENCFF514IMY/,/files/ENCFF285AST/,/files/ENCFF193JOQ/,/files/ENCFF320FRS/,/files/ENCFF660APR/,/files/ENCFF406WNO/,/files/ENCFF733AWW/,/files/ENCFF535JTZ/,/files/ENCFF263UBJ/,/files/ENCFF141GMK/,/files/ENCFF168AGO/,/files/ENCFF209TPB/,/files/ENCFF493PJK/,/files/ENCFF591SFK/,/files/ENCFF244OHX/,/files/ENCFF246QLG/,/files/ENCFF285RSA/,/files/ENCFF116ZFO/,/files/ENCFF335CVU/,/files/ENCFF420MYB/,/files/ENCFF745AKL/,/files/ENCFF170XWC/,/files/ENCFF464IAL/,/files/ENCFF702RJK/,/files/ENCFF679UMS/,/files/ENCFF284GUC/,/files/ENCFF774LKB/,/files/ENCFF111BCB/,/files/ENCFF004JQM/,/files/ENCFF231GFM/,/files/ENCFF576WMX/,/files/ENCFF314LSA/,/files/ENCFF814GPA/,/files/ENCFF861RLY/,/files/ENCFF886PXH/,/files/ENCFF755XHD/,/files/ENCFF367SKD/,/files/ENCFF909RAO/,/files/ENCFF358SDD/	/treatment-time-series/ENCSR963OVY/	ENCBS169JBH,ENCBS418LVC,ENCBS575XLE	1,2,3	1,2		Homo sapiens	adult	25 years	interleukin-3,kit ligand,hydrocortisone succinate,erythropoietin	UniProtKB:P08700,UniProtKB:P21583,CHEBI:31677,CHEBI:81579			8	day						/replicates/cb651c38-ed36-41c4-8801-2d5a7a89d035/,/replicates/efd77e81-2350-42b2-a16d-480adce41cc4/,/replicates/276c4087-881f-4297-9746-0ad60de109a8/,/replicates/9d9da453-4ca4-461f-b572-dec5d3f0180f/				
/experiments/ENCSR364MFN/	ENCSR364MFN	DNase-seq	DNase-seq				Homo sapiens hepatocyte originated from H9	hepatocyte	GEO:GSE90326,SCREEN-GRCh38:hepatocyte_originated_from_H9	DNase-seq on 5 day embryonic female human IV-differentiated hepatocyte	John Stamatoyannopoulos, UW	ENCODE	released	/files/ENCFF754VPL/,/files/ENCFF415CLL/,/files/ENCFF526GHY/,/files/ENCFF699RMR/,/files/ENCFF459ZWQ/,/files/ENCFF287MXM/,/files/ENCFF558TCP/,/files/ENCFF168YOH/,/files/ENCFF244UPL/,/files/ENCFF556PQB/,/files/ENCFF109PCW/,/files/ENCFF895HWD/,/files/ENCFF918BHB/,/files/ENCFF023CYF/,/files/ENCFF698ZOY/,/files/ENCFF671MAW/,/files/ENCFF788AJR/,/files/ENCFF523DRC/,/files/ENCFF762YAA/,/files/ENCFF945VFX/,/files/ENCFF206FLB/,/files/ENCFF999DAS/,/files/ENCFF104PUP/,/files/ENCFF247TPB/,/files/ENCFF690LSS/,/files/ENCFF738NGB/,/files/ENCFF978ZAH/,/files/ENCFF225ITA/,/files/ENCFF505OYK/,/files/ENCFF846QWR/,/files/ENCFF309AAJ/,/files/ENCFF595SPC/,/files/ENCFF679JRE/,/files/ENCFF846UJT/,/files/ENCFF906NXU/,/files/ENCFF181IJF/,/files/ENCFF026IID/,/files/ENCFF997HDH/,/files/ENCFF870PNL/,/files/ENCFF535WLR/,/files/ENCFF336QOM/,/files/ENCFF637MHB/,/files/ENCFF884STQ/,/files/ENCFF761VCZ/,/files/ENCFF136YOJ/,/files/ENCFF204XQU/,/files/ENCFF014AOS/,/files/ENCFF013UXX/,/files/ENCFF505ENN/,/files/ENCFF471WBD/,/files/ENCFF130KHK/,/files/ENCFF875JEK/,/files/ENCFF553BEF/,/files/ENCFF389SVG/,/files/ENCFF384IMQ/,/files/ENCFF893WGN/,/files/ENCFF940ZEI/,/files/ENCFF326QAT/,/files/ENCFF013EWP/,/files/ENCFF717SDM/,/files/ENCFF476MMK/,/files/ENCFF395SYX/,/files/ENCFF681PKO/,/files/ENCFF845GJQ/,/files/ENCFF841CGT/,/files/ENCFF840GYT/,/files/ENCFF566VSZ/,/files/ENCFF854ZNK/,/files/ENCFF253DTS/,/files/ENCFF127YZA/,/files/ENCFF296GPA/,/files/ENCFF650WKN/,/files/ENCFF726XWK/,/files/ENCFF673YHJ/,/files/ENCFF771XZD/,/files/ENCFF341CBJ/,/files/ENCFF537SUJ/,/files/ENCFF435UYX/,/files/ENCFF868FUW/,/files/ENCFF507WLP/,/files/ENCFF183SFG/,/files/ENCFF851CVH/,/files/ENCFF559EQC/,/files/ENCFF959LRK/,/files/ENCFF402MZO/,/files/ENCFF538CJS/,/files/ENCFF656UYD/,/files/ENCFF602BAL/,/files/ENCFF367QFO/,/files/ENCFF419TRY/,/files/ENCFF250DDZ/,/files/ENCFF582LEJ/,/files/ENCFF580CTP/,/files/ENCFF265MLD/,/files/ENCFF231OMZ/,/files/ENCFF600TAP/,/files/ENCFF093OPI/,/files/ENCFF902EEH/,/files/ENCFF321FHP/,/files/ENCFF592AII/	/reference-epigenomes/ENCSR217ARS/	ENCBS520VFV,ENCBS077RUJ	1,2	1,7		Homo sapiens	embryonic	5 days												/replicates/5a9fb71a-5ef9-4c74-a8c1-24fde30ec23f/,/replicates/3c652efb-ecea-4eb4-9637-2447533ef3ac/,/replicates/fd074793-51f8-4fb6-a7ce-dff703316e9f/				
/experiments/ENCSR362JSZ/	ENCSR362JSZ	DNase-seq	DNase-seq				Homo sapiens hematopoietic multipotent progenitor cell treated with interleukin-3 for 17 days, kit ligand for 17 days, hydrocortisone succinate for 17 days, erythropoietin for 17 days	hematopoietic multipotent progenitor cell	SCREEN-GRCh38:hematopoietic_multipotent_progenitor_cell_treated_with_interleukin-3_kit_ligand_hydrocortisone_succinate_erythropoietin_17_day_treatment,GEO:GSE90325		John Stamatoyannopoulos, UW	ENCODE	released	/files/ENCFF738DKL/,/files/ENCFF152HGE/,/files/ENCFF501BQN/,/files/ENCFF725IPL/,/files/ENCFF748ZOY/,/files/ENCFF736OBZ/,/files/ENCFF151NXZ/,/files/ENCFF303MTS/,/files/ENCFF575YOC/,/files/ENCFF173UMG/,/files/ENCFF006OFT/,/files/ENCFF982YEO/,/files/ENCFF744XVZ/,/files/ENCFF695UQK/,/files/ENCFF495VUG/,/files/ENCFF357UCC/,/files/ENCFF340YCE/,/files/ENCFF520GUH/,/files/ENCFF282YVS/,/files/ENCFF812KBJ/,/files/ENCFF249MCW/,/files/ENCFF746FEH/,/files/ENCFF681XPY/,/files/ENCFF462WYG/,/files/ENCFF366VZP/,/files/ENCFF039FYQ/,/files/ENCFF662XKY/,/files/ENCFF401FIA/,/files/ENCFF620IMF/,/files/ENCFF084AJW/,/files/ENCFF330KTA/,/files/ENCFF030PIE/,/files/ENCFF999CNS/,/files/ENCFF058VHN/,/files/ENCFF935EAP/,/files/ENCFF991HHP/,/files/ENCFF454NTJ/,/files/ENCFF228TCV/,/files/ENCFF018WWS/,/files/ENCFF739GRG/,/files/ENCFF340WQS/,/files/ENCFF121LHY/,/files/ENCFF624VBW/,/files/ENCFF410MCR/,/files/ENCFF724CQF/,/files/ENCFF452VOT/,/files/ENCFF753WEW/,/files/ENCFF215RQP/,/files/ENCFF735CLF/,/files/ENCFF093QMT/,/files/ENCFF895JGL/,/files/ENCFF691LFG/,/files/ENCFF698OJT/,/files/ENCFF444SKL/,/files/ENCFF860EBT/,/files/ENCFF533BQX/,/files/ENCFF257HTA/,/files/ENCFF708ZHA/,/files/ENCFF776HQD/,/files/ENCFF390FGL/,/files/ENCFF839WIB/,/files/ENCFF466ISD/,/files/ENCFF656VFP/,/files/ENCFF995DDS/,/files/ENCFF823ZNL/,/files/ENCFF906YBQ/,/files/ENCFF061DAH/,/files/ENCFF782QVO/,/files/ENCFF173ZFF/,/files/ENCFF885DNX/,/files/ENCFF110CNG/,/files/ENCFF185EZR/,/files/ENCFF251EOW/,/files/ENCFF235IWZ/,/files/ENCFF841CYA/,/files/ENCFF694WKV/,/files/ENCFF140QCZ/,/files/ENCFF568MTM/,/files/ENCFF989HPW/,/files/ENCFF889FAL/,/files/ENCFF150MEM/,/files/ENCFF476LGW/,/files/ENCFF217TSM/,/files/ENCFF708XZI/,/files/ENCFF405UNO/,/files/ENCFF832JZK/,/files/ENCFF318OTP/,/files/ENCFF193WPS/,/files/ENCFF514UIY/,/files/ENCFF932PWU/,/files/ENCFF378UBB/,/files/ENCFF487RHL/,/files/ENCFF926YJI/,/files/ENCFF152SIC/	/treatment-time-series/ENCSR963OVY/	ENCBS335BSM,ENCBS448WOE	1,2	1		Homo sapiens	adult	25 years	interleukin-3,kit ligand,hydrocortisone succinate,erythropoietin	UniProtKB:P08700,UniProtKB:P21583,CHEBI:31677,CHEBI:81579			17	day						/replicates/c02dc720-5e94-4c6e-b0c6-7ba5857c1753/,/replicates/dcabbb1d-cb63-4d2d-ab19-d40db029aa2c/				
/experiments/ENCSR493IAY/	ENCSR493IAY	DNase-seq	DNase-seq				Homo sapiens hematopoietic multipotent progenitor cell treated with interleukin-3 for 18 days, kit ligand for 18 days, hydrocortisone succinate for 18 days, erythropoietin for 18 days	hematopoietic multipotent progenitor cell	SCREEN-GRCh38:hematopoietic_multipotent_progenitor_cell_not_treated_and_treated_with_interleukin-3_kit_ligand_hydrocortisone_succinate_erythropoietin,GEO:GSE90344		John Stamatoyannopoulos, UW	ENCODE	released	/files/ENCFF723TAV/,/files/ENCFF863GCT/,/files/ENCFF118KTP/,/files/ENCFF364YMS/,/files/ENCFF904FEY/,/files/ENCFF765TBG/,/files/ENCFF648UFO/,/files/ENCFF111NRC/,/files/ENCFF507GEA/,/files/ENCFF114PSS/,/files/ENCFF993VHP/,/files/ENCFF590XFA/,/files/ENCFF785CWE/,/files/ENCFF365XVC/,/files/ENCFF876WWK/,/files/ENCFF017LRT/,/files/ENCFF162SDK/,/files/ENCFF942OIU/,/files/ENCFF291KFO/,/files/ENCFF235KVS/,/files/ENCFF982TKD/,/files/ENCFF700JRJ/,/files/ENCFF853UZU/,/files/ENCFF602RVI/,/files/ENCFF423UJR/,/files/ENCFF403OGP/,/files/ENCFF381FIA/,/files/ENCFF123RGB/,/files/ENCFF650JWD/,/files/ENCFF195FSK/,/files/ENCFF439NLT/,/files/ENCFF802XVO/,/files/ENCFF193GFH/,/files/ENCFF170CFF/,/files/ENCFF117DAB/,/files/ENCFF416EIA/,/files/ENCFF042XYL/,/files/ENCFF095OGP/,/files/ENCFF668PQJ/,/files/ENCFF352YUI/,/files/ENCFF052KTV/,/files/ENCFF550CUV/,/files/ENCFF308PYI/,/files/ENCFF344JMH/,/files/ENCFF143NQY/,/files/ENCFF577VTA/,/files/ENCFF499IKI/,/files/ENCFF277ELJ/,/files/ENCFF920MSK/,/files/ENCFF035MBL/,/files/ENCFF692TAD/,/files/ENCFF668CIK/,/files/ENCFF899LVG/,/files/ENCFF385SDD/,/files/ENCFF094NNK/,/files/ENCFF067NCY/,/files/ENCFF028ZFZ/,/files/ENCFF628VVC/,/files/ENCFF104TEA/,/files/ENCFF506RMF/	/treatment-time-series/ENCSR963OVY/	ENCBS303WCA	1	1		Homo sapiens	adult	25 years	interleukin-3,kit ligand,hydrocortisone succinate,erythropoietin	UniProtKB:P08700,UniProtKB:P21583,CHEBI:31677,CHEBI:81579			18	day						/replicates/0a9b889c-7f0b-44e8-9f2a-34e2fac15b58/				
/experiments/ENCSR855FOP/	ENCSR855FOP	DNase-seq	DNase-seq				Homo sapiens hematopoietic multipotent progenitor cell treated with interleukin-3 for 13 days, kit ligand for 13 days, hydrocortisone succinate for 13 days, erythropoietin for 13 days	hematopoietic multipotent progenitor cell	GEO:GSE90415		John Stamatoyannopoulos, UW	ENCODE	released	/files/ENCFF943FLG/,/files/ENCFF326STI/,/files/ENCFF715DVA/,/files/ENCFF172YUM/,/files/ENCFF386CBG/,/files/ENCFF167GTG/,/files/ENCFF596PML/,/files/ENCFF263YFQ/,/files/ENCFF751MHH/,/files/ENCFF664OYA/,/files/ENCFF130FGU/,/files/ENCFF723PIT/,/files/ENCFF200PEE/,/files/ENCFF961UVZ/,/files/ENCFF617AGD/,/files/ENCFF841LEO/,/files/ENCFF323OLF/,/files/ENCFF431PWN/,/files/ENCFF656YDE/,/files/ENCFF464WUC/,/files/ENCFF831WUQ/,/files/ENCFF409UYV/,/files/ENCFF592ICG/,/files/ENCFF462BZB/,/files/ENCFF912VTL/,/files/ENCFF774ZSC/,/files/ENCFF405PBL/,/files/ENCFF850CNM/,/files/ENCFF800FAI/,/files/ENCFF881TYS/,/files/ENCFF955AXR/,/files/ENCFF136VMR/,/files/ENCFF092JYR/,/files/ENCFF564ZIR/,/files/ENCFF087PLN/,/files/ENCFF523LEM/,/files/ENCFF989KQL/,/files/ENCFF497HFQ/,/files/ENCFF540GIN/,/files/ENCFF487WJM/,/files/ENCFF993ILM/,/files/ENCFF296DIB/,/files/ENCFF821WVT/,/files/ENCFF128UBY/,/files/ENCFF658HXJ/,/files/ENCFF247JDV/,/files/ENCFF680XAU/,/files/ENCFF103SIO/,/files/ENCFF190FJQ/,/files/ENCFF964XIJ/,/files/ENCFF368IVM/,/files/ENCFF709APS/,/files/ENCFF981XZF/,/files/ENCFF128YMX/,/files/ENCFF147FCW/,/files/ENCFF523YZY/,/files/ENCFF515JXW/,/files/ENCFF037LMA/,/files/ENCFF275HMP/,/files/ENCFF187RRL/,/files/ENCFF360ETO/,/files/ENCFF599JPD/,/files/ENCFF787BJO/,/files/ENCFF487IKS/,/files/ENCFF468ANS/,/files/ENCFF471OEK/,/files/ENCFF401MSC/,/files/ENCFF741PWD/,/files/ENCFF401MDW/,/files/ENCFF667COT/,/files/ENCFF162XBG/,/files/ENCFF441QQI/,/files/ENCFF059AUJ/,/files/ENCFF579VOD/,/files/ENCFF262KAZ/,/files/ENCFF678RFU/,/files/ENCFF113OUY/,/files/ENCFF677WET/,/files/ENCFF176WJG/,/files/ENCFF304IAC/,/files/ENCFF711ZFR/,/files/ENCFF194LUR/,/files/ENCFF642OOT/,/files/ENCFF656YAA/,/files/ENCFF995WKD/,/files/ENCFF609BTW/,/files/ENCFF665LEY/,/files/ENCFF314ZJJ/,/files/ENCFF269LMM/,/files/ENCFF740ECF/,/files/ENCFF747QUI/,/files/ENCFF497BXF/,/files/ENCFF691LWR/,/files/ENCFF077WNL/,/files/ENCFF608UFV/,/files/ENCFF348UMT/,/files/ENCFF202SHK/,/files/ENCFF014RMN/,/files/ENCFF096UDU/,/files/ENCFF507LQD/,/files/ENCFF195EEX/,/files/ENCFF022FXI/,/files/ENCFF413AZW/,/files/ENCFF457NUS/,/files/ENCFF936JCW/,/files/ENCFF732TJK/,/files/ENCFF313BVW/,/files/ENCFF008KRW/,/files/ENCFF353QYZ/,/files/ENCFF974WUE/,/files/ENCFF204AKS/,/files/ENCFF934RKK/,/files/ENCFF280MPQ/,/files/ENCFF257OKZ/,/files/ENCFF462KEZ/,/files/ENCFF639REU/,/files/ENCFF271NTU/,/files/ENCFF172WFN/	/treatment-time-series/ENCSR963OVY/	ENCBS835VCD,ENCBS787END	1,2	1,2		Homo sapiens	adult	25 years	interleukin-3,kit ligand,hydrocortisone succinate,erythropoietin	UniProtKB:P08700,UniProtKB:P21583,CHEBI:31677,CHEBI:81579			13	day						/replicates/d22074ab-4a42-4b6c-bdfd-e411a6c02229/,/replicates/ecf2ae0e-dba0-4444-9dc5-4bf7b9cc5f1a/,/replicates/6804b27c-2d58-4883-a307-993b26927a08/				
/experiments/ENCSR564JUY/	ENCSR564JUY	DNase-seq	DNase-seq				Homo sapiens hematopoietic multipotent progenitor cell treated with interleukin-3 for 6 days, kit ligand for 6 days, hydrocortisone succinate for 6 days, erythropoietin for 6 days	hematopoietic multipotent progenitor cell	GEO:GSE90360,SCREEN-GRCh38:hematopoietic_multipotent_progenitor_cell_treated_with_interleukin-3_kit_ligand_hydrocortisone_succinate_erythropoietin_6_day_treatment	DNase-seq on 25 year old human adult male hematopoietic multipotent progenitor cell line	John Stamatoyannopoulos, UW	ENCODE	released	/files/ENCFF054CMZ/,/files/ENCFF870ZDU/,/files/ENCFF197WIZ/,/files/ENCFF662YTT/,/files/ENCFF044SMK/,/files/ENCFF076GIM/,/files/ENCFF412LJR/,/files/ENCFF187SJT/,/files/ENCFF881KYA/,/files/ENCFF089SPK/,/files/ENCFF002NUK/,/files/ENCFF044OML/,/files/ENCFF082JST/,/files/ENCFF416BBZ/,/files/ENCFF934CRO/,/files/ENCFF584IQE/,/files/ENCFF310KSF/,/files/ENCFF509TZK/,/files/ENCFF673CAL/,/files/ENCFF870NED/,/files/ENCFF062XSO/,/files/ENCFF279NKU/,/files/ENCFF459TOA/,/files/ENCFF389NZJ/,/files/ENCFF112JRG/,/files/ENCFF125KHG/,/files/ENCFF985MQR/,/files/ENCFF105GQV/,/files/ENCFF104OIO/,/files/ENCFF721SJU/,/files/ENCFF125VPE/,/files/ENCFF272NCH/,/files/ENCFF942LAT/,/files/ENCFF638CPU/,/files/ENCFF265WKR/,/files/ENCFF869GYK/,/files/ENCFF733JSK/,/files/ENCFF902XUJ/,/files/ENCFF784CKJ/,/files/ENCFF410XVH/,/files/ENCFF363AGR/,/files/ENCFF543IVT/,/files/ENCFF518JFL/,/files/ENCFF825GFZ/,/files/ENCFF545AYK/,/files/ENCFF422XBD/,/files/ENCFF774UUN/,/files/ENCFF920GCF/,/files/ENCFF646NBQ/,/files/ENCFF197PGF/,/files/ENCFF201BIH/,/files/ENCFF451FTX/,/files/ENCFF314ODV/,/files/ENCFF195DIX/,/files/ENCFF065OKG/,/files/ENCFF212RTX/,/files/ENCFF092EVA/,/files/ENCFF639SWV/,/files/ENCFF517AWS/,/files/ENCFF363WTX/,/files/ENCFF678IEU/,/files/ENCFF226BKR/,/files/ENCFF741CUB/,/files/ENCFF912ENV/,/files/ENCFF481PAV/,/files/ENCFF366OYQ/,/files/ENCFF407ZYK/,/files/ENCFF235MHO/,/files/ENCFF438MEL/,/files/ENCFF072RHQ/,/files/ENCFF627XCI/,/files/ENCFF209VMO/,/files/ENCFF203EIK/,/files/ENCFF040SXN/,/files/ENCFF770MVV/,/files/ENCFF400HTE/,/files/ENCFF408KRP/,/files/ENCFF869ACE/,/files/ENCFF312AJA/,/files/ENCFF626HKJ/,/files/ENCFF752TCZ/,/files/ENCFF531PVM/,/files/ENCFF172EPB/,/files/ENCFF422OAM/,/files/ENCFF225RSO/,/files/ENCFF897OLO/,/files/ENCFF266MOH/,/files/ENCFF836HIY/,/files/ENCFF463YJR/,/files/ENCFF210BKV/,/files/ENCFF310BGN/,/files/ENCFF228MOV/,/files/ENCFF435UXJ/,/files/ENCFF684BFM/,/files/ENCFF386BXN/,/files/ENCFF035WXE/,/files/ENCFF210HNR/,/files/ENCFF539ETD/,/files/ENCFF713VZM/,/files/ENCFF591WDZ/,/files/ENCFF364CLH/,/files/ENCFF302DEK/,/files/ENCFF062DFH/,/files/ENCFF249AKN/,/files/ENCFF545GOT/,/files/ENCFF226TKN/,/files/ENCFF371GBG/,/files/ENCFF100BSX/,/files/ENCFF633NER/,/files/ENCFF845AVN/,/files/ENCFF617ILG/,/files/ENCFF151TOJ/,/files/ENCFF497UMU/,/files/ENCFF083IVJ/,/files/ENCFF085CML/,/files/ENCFF644PJA/,/files/ENCFF097RUH/,/files/ENCFF434ACR/,/files/ENCFF895XYT/,/files/ENCFF447VEP/	/treatment-time-series/ENCSR963OVY/	ENCBS986SUJ,ENCBS200EQQ	2,1	1		Homo sapiens	adult	25 years	interleukin-3,kit ligand,hydrocortisone succinate,erythropoietin	UniProtKB:P08700,UniProtKB:P21583,CHEBI:31677,CHEBI:81579			6	day						/replicates/1cbc9e9b-344c-4921-86e3-cc22e0c1f5ac/,/replicates/f7d3ea2a-8b91-49b9-a54d-357f8c8f470e/				
/experiments/ENCSR098PTC/	ENCSR098PTC	DNase-seq	DNase-seq				Homo sapiens hematopoietic multipotent progenitor cell	hematopoietic multipotent progenitor cell	SCREEN-GRCh38:hematopoietic_multipotent_progenitor_cell_donor_ENCDO937OUY,GEO:GSE90293		John Stamatoyannopoulos, UW	ENCODE	released	/files/ENCFF884DWZ/,/files/ENCFF986JCK/,/files/ENCFF210ZAC/,/files/ENCFF934BJS/,/files/ENCFF108UDC/,/files/ENCFF263ZPB/,/files/ENCFF402OWR/,/files/ENCFF514PZY/,/files/ENCFF451VZX/,/files/ENCFF192BKD/,/files/ENCFF147AAT/,/files/ENCFF929XWP/,/files/ENCFF219ASX/,/files/ENCFF484RZR/,/files/ENCFF070HHC/,/files/ENCFF305YOC/,/files/ENCFF313YLB/,/files/ENCFF892DPZ/,/files/ENCFF402EZM/,/files/ENCFF342EOP/,/files/ENCFF085PIU/,/files/ENCFF909FSV/,/files/ENCFF676MDE/,/files/ENCFF047SJC/,/files/ENCFF617PXL/,/files/ENCFF597MMM/,/files/ENCFF273EMN/,/files/ENCFF188TKX/,/files/ENCFF022MES/,/files/ENCFF500ADW/,/files/ENCFF984AUK/,/files/ENCFF241GBQ/,/files/ENCFF613CKB/,/files/ENCFF224YFI/,/files/ENCFF021GXR/,/files/ENCFF632ZAZ/,/files/ENCFF986DGM/,/files/ENCFF480SVV/,/files/ENCFF032XWP/,/files/ENCFF165ITX/,/files/ENCFF826UOB/,/files/ENCFF267KYC/,/files/ENCFF612NGS/,/files/ENCFF697FTZ/,/files/ENCFF753ZOZ/,/files/ENCFF219BZP/,/files/ENCFF745YFP/,/files/ENCFF778FPC/,/files/ENCFF834IAD/,/files/ENCFF292GMI/,/files/ENCFF902XSO/,/files/ENCFF546NXF/,/files/ENCFF440CKD/,/files/ENCFF067FUS/,/files/ENCFF770JUU/,/files/ENCFF271OUX/,/files/ENCFF636TFZ/,/files/ENCFF090RXK/,/files/ENCFF847XOE/,/files/ENCFF603YRF/,/files/ENCFF450OEE/,/files/ENCFF191DNH/,/files/ENCFF228VLT/,/files/ENCFF380KHJ/,/files/ENCFF768QEM/,/files/ENCFF111PHW/,/files/ENCFF762EEW/,/files/ENCFF705HCD/,/files/ENCFF473RXF/,/files/ENCFF451ZDK/,/files/ENCFF850CTP/,/files/ENCFF414SNM/,/files/ENCFF977TEJ/,/files/ENCFF438PGV/,/files/ENCFF777GGA/,/files/ENCFF996GHG/,/files/ENCFF133PAF/,/files/ENCFF505YEI/,/files/ENCFF776QMU/,/files/ENCFF029WSP/,/files/ENCFF650IBZ/,/files/ENCFF714ZMD/,/files/ENCFF357SHB/,/files/ENCFF769XMX/,/files/ENCFF221HTO/,/files/ENCFF200EEO/,/files/ENCFF264PVL/,/files/ENCFF432KCS/,/files/ENCFF089VSA/,/files/ENCFF054YQE/,/files/ENCFF333DUI/,/files/ENCFF845KOG/,/files/ENCFF039WYA/,/files/ENCFF842DWZ/,/files/ENCFF409ANG/,/files/ENCFF775WGW/,/files/ENCFF059LQN/,/files/ENCFF302QZA/,/files/ENCFF606SYH/,/files/ENCFF086KPX/,/files/ENCFF486DGO/,/files/ENCFF464YOJ/,/files/ENCFF590BPL/,/files/ENCFF275EWP/,/files/ENCFF328GAO/,/files/ENCFF814EOK/,/files/ENCFF365LCO/,/files/ENCFF413XHJ/,/files/ENCFF318YNX/,/files/ENCFF286KAC/,/files/ENCFF806LMV/,/files/ENCFF654USW/,/files/ENCFF583DXS/,/files/ENCFF672UDP/,/files/ENCFF813OVN/,/files/ENCFF971ZOL/,/files/ENCFF741FGF/,/files/ENCFF865JAZ/,/files/ENCFF290YFN/,/files/ENCFF111JLY/,/files/ENCFF212LXN/,/files/ENCFF648LHT/,/files/ENCFF654JDF/,/files/ENCFF010FVW/,/files/ENCFF100FPI/,/files/ENCFF378KZF/	/treatment-time-series/ENCSR963OVY/	ENCBS107WLD,ENCBS736SRW	2,1	1,2		Homo sapiens	adult	25 years												/replicates/c0be7f61-d837-4492-916f-81a07d88e934/,/replicates/17575013-4ec1-4943-927b-7842d743431c/,/replicates/099f9c9c-96a2-4de8-8a91-1f74dfbfec3f/				
/experiments/ENCSR362ZFC/	ENCSR362ZFC	DNase-seq	DNase-seq				Homo sapiens type B pancreatic cell	type B pancreatic cell			John Stamatoyannopoulos, UW	ENCODE	released	/files/ENCFF057RHN/,/files/ENCFF124YGG/,/files/ENCFF860SYL/,/files/ENCFF601CRL/,/files/ENCFF876VGG/,/files/ENCFF843AJO/,/files/ENCFF988MXK/,/files/ENCFF682ZQJ/,/files/ENCFF343GSG/,/files/ENCFF647HDA/,/files/ENCFF412KXN/,/files/ENCFF179SMT/,/files/ENCFF379CJZ/,/files/ENCFF013NKW/,/files/ENCFF314ZFT/,/files/ENCFF485UZT/		ENCBS024CHQ	1	1		Homo sapiens	embryonic	5 days												/replicates/e9e7cc0f-f989-4822-8ae9-8444a07e4838/				
/experiments/ENCSR818HHN/	ENCSR818HHN	DNase-seq	DNase-seq				Homo sapiens osteocyte	osteocyte			John Stamatoyannopoulos, UW	ENCODE	released	/files/ENCFF142KHR/,/files/ENCFF288RRL/,/files/ENCFF798LMV/,/files/ENCFF203LIZ/,/files/ENCFF426FCA/,/files/ENCFF215HGO/,/files/ENCFF792MQQ/,/files/ENCFF360MUD/,/files/ENCFF283OSS/,/files/ENCFF039RUP/,/files/ENCFF866EEW/,/files/ENCFF226FAT/,/files/ENCFF427PSW/,/files/ENCFF669XGP/,/files/ENCFF940VXS/,/files/ENCFF251CQQ/		ENCBS076BKW	1	1		Homo sapiens	embryonic	5 days												/replicates/72de7b5a-c1d7-4ab0-baf8-dc79a996569b/				
/experiments/ENCSR503UNA/	ENCSR503UNA	DNase-seq	DNase-seq				Homo sapiens nephron progenitor cell	nephron progenitor cell	GEO:GSE170361		John Stamatoyannopoulos, UW	ENCODE	released	/files/ENCFF967NHN/,/files/ENCFF279OFZ/,/files/ENCFF620FOV/,/files/ENCFF682PPI/,/files/ENCFF846YHD/,/files/ENCFF333IXT/,/files/ENCFF162DGR/,/files/ENCFF016MMS/,/files/ENCFF252GDO/,/files/ENCFF973RKR/,/files/ENCFF287ZZK/,/files/ENCFF790HJH/,/files/ENCFF054TLI/,/files/ENCFF067PNG/,/files/ENCFF537MJV/,/files/ENCFF981NZH/,/files/ENCFF160WPG/,/files/ENCFF989NIY/,/files/ENCFF464ZIK/,/files/ENCFF799UTA/,/files/ENCFF327VIF/,/files/ENCFF803FWZ/,/files/ENCFF361EUB/,/files/ENCFF922OMJ/,/files/ENCFF008EKG/,/files/ENCFF378JVH/,/files/ENCFF243DDA/,/files/ENCFF008LDI/,/files/ENCFF710QZV/,/files/ENCFF430FEL/,/files/ENCFF104MMP/,/files/ENCFF576RND/,/files/ENCFF832DAE/,/files/ENCFF148MYZ/,/files/ENCFF525ITX/,/files/ENCFF648PWD/		ENCBS082ZAA,ENCBS126KCT	1,2	1		Homo sapiens	embryonic	5 days												/replicates/7577c4e8-dfce-45e3-b269-6228ec21b660/,/replicates/95622d34-35cd-4b20-ac1e-a8146c7f527a/				
/experiments/ENCSR945KSP/	ENCSR945KSP	DNase-seq	DNase-seq				Homo sapiens mesothelial cell of epicardium	mesothelial cell of epicardium	GEO:GSE172953		John Stamatoyannopoulos, UW	ENCODE	released	/files/ENCFF055GWI/,/files/ENCFF167KZQ/,/files/ENCFF983HTR/,/files/ENCFF905LCS/,/files/ENCFF903YXP/,/files/ENCFF185PRA/,/files/ENCFF096ECV/,/files/ENCFF437GFL/,/files/ENCFF447YDA/,/files/ENCFF731CDF/,/files/ENCFF873OSO/,/files/ENCFF656SQF/,/files/ENCFF994UOU/,/files/ENCFF796SZW/,/files/ENCFF655FSO/,/files/ENCFF412UOM/		ENCBS698CFG	1	1		Homo sapiens	embryonic	5 days												/replicates/c1a58ade-2987-487f-b2b0-fa71156ec94f/				
/experiments/ENCSR179CDH/	ENCSR179CDH	DNase-seq	DNase-seq				Homo sapiens trophoblast cell originated from H1	trophoblast cell	GEO:GSM906382,GEO:GSM878628,GEO:GSM878614		John Stamatoyannopoulos, UW	Roadmap	released	/files/ENCFF534NSX/,/files/ENCFF796DNT/,/files/ENCFF334BDK/,/files/ENCFF449CTW/,/files/ENCFF003OBZ/,/files/ENCFF069YPV/,/files/ENCFF505OXZ/,/files/ENCFF941ZRQ/,/files/ENCFF579FXI/,/files/ENCFF191EWP/,/files/ENCFF722AHK/,/files/ENCFF893HEN/,/files/ENCFF236MDI/,/files/ENCFF208KAC/,/files/ENCFF488YOO/,/files/ENCFF041BSC/,/files/ENCFF894MKA/,/files/ENCFF430EOP/,/files/ENCFF356LUH/,/files/ENCFF119LCF/,/files/ENCFF385MYE/,/files/ENCFF846KKT/,/files/ENCFF278YNM/,/files/ENCFF695HOH/,/files/ENCFF091DTH/,/files/ENCFF145YHJ/,/files/ENCFF144BFB/,/files/ENCFF671NGZ/,/files/ENCFF982YFY/,/files/ENCFF459PAV/,/files/ENCFF968JUL/,/files/ENCFF047VYC/,/files/ENCFF149EUW/,/files/ENCFF654RBE/,/files/ENCFF117FTU/,/files/ENCFF117QKF/,/files/ENCFF805ENK/,/files/ENCFF983HYM/,/files/ENCFF049FHA/,/files/ENCFF576LQF/,/files/ENCFF894DTP/,/files/ENCFF380WKT/,/files/ENCFF867HJE/,/files/ENCFF090OGQ/,/files/ENCFF170GMQ/,/files/ENCFF158RSM/,/files/ENCFF842SYZ/,/files/ENCFF238IZM/,/files/ENCFF247OEM/,/files/ENCFF235AKF/,/files/ENCFF321NZU/,/files/ENCFF532VGP/,/files/ENCFF012UAL/,/files/ENCFF191FMV/,/files/ENCFF829GME/,/files/ENCFF960YRR/,/files/ENCFF391ZRU/,/files/ENCFF564QRM/,/files/ENCFF306JAS/,/files/ENCFF030LTN/,/files/ENCFF668IMA/,/files/ENCFF433AHW/,/files/ENCFF843JKM/,/files/ENCFF371LME/,/files/ENCFF326WIA/,/files/ENCFF218OXS/,/files/ENCFF949JTS/,/files/ENCFF235GOT/,/files/ENCFF489VBM/,/files/ENCFF744LSI/,/files/ENCFF531GOR/,/files/ENCFF601JLH/,/files/ENCFF472NZL/,/files/ENCFF272FTC/	/reference-epigenomes/ENCSR297HCQ/	ENCBS376RZJ	1	2,1		Homo sapiens	embryonic													/replicates/58701744-1525-4929-8c04-0bbcabe05f38/,/replicates/5e0cf2bf-9de6-4828-b9ad-acea36281f0d/				
/experiments/ENCSR278FVO/	ENCSR278FVO	DNase-seq	DNase-seq				Homo sapiens neuronal stem cell originated from H1	neuronal stem cell	GEO:GSM878615,GEO:GSM906379		John Stamatoyannopoulos, UW	Roadmap	released	/files/ENCFF309ZYP/,/files/ENCFF630KRT/,/files/ENCFF315NGA/,/files/ENCFF725DWP/,/files/ENCFF911WQG/,/files/ENCFF187JOE/,/files/ENCFF205ZUJ/,/files/ENCFF687UQV/,/files/ENCFF205HQR/,/files/ENCFF581RIK/,/files/ENCFF803ADL/,/files/ENCFF826GXP/,/files/ENCFF298GVQ/,/files/ENCFF902DVM/,/files/ENCFF519CZQ/,/files/ENCFF969KVS/,/files/ENCFF547PHP/,/files/ENCFF942ADO/,/files/ENCFF084HAF/,/files/ENCFF098KRD/,/files/ENCFF827HIG/,/files/ENCFF841TVV/,/files/ENCFF542BGQ/,/files/ENCFF490LFY/,/files/ENCFF242ESV/,/files/ENCFF238IYX/,/files/ENCFF399ELZ/,/files/ENCFF473NCI/,/files/ENCFF256KNP/,/files/ENCFF576DZG/,/files/ENCFF487CKF/,/files/ENCFF547HJQ/,/files/ENCFF410SCO/,/files/ENCFF611BRA/,/files/ENCFF461PZF/,/files/ENCFF902ZPM/,/files/ENCFF470PPI/,/files/ENCFF271KSL/,/files/ENCFF791YTY/,/files/ENCFF487PGH/,/files/ENCFF772SDH/,/files/ENCFF979REO/,/files/ENCFF788KTG/,/files/ENCFF915OUI/,/files/ENCFF650PUN/,/files/ENCFF456KNS/,/files/ENCFF847XNL/,/files/ENCFF372SLF/,/files/ENCFF084RVE/,/files/ENCFF723JMO/,/files/ENCFF127VUI/,/files/ENCFF541CGC/,/files/ENCFF487QRD/,/files/ENCFF991GGR/,/files/ENCFF495MWO/,/files/ENCFF762WCI/,/files/ENCFF486NQR/,/files/ENCFF650HDS/,/files/ENCFF798FAX/,/files/ENCFF854YJS/,/files/ENCFF033KIZ/,/files/ENCFF157QJJ/,/files/ENCFF712CVV/,/files/ENCFF944OEM/,/files/ENCFF287XRW/,/files/ENCFF732IUC/,/files/ENCFF204GFI/,/files/ENCFF224MAE/,/files/ENCFF256KCI/,/files/ENCFF138ACL/,/files/ENCFF618XPK/	/reference-epigenomes/ENCSR539JGB/	ENCBS805ZNK	1	5,4		Homo sapiens	embryonic													/replicates/491eaf4e-1a51-42ad-be66-687b97e397bb/,/replicates/e709936f-12b0-41dd-aed5-1e5486d2cabb/				
/experiments/ENCSR000EMK/	ENCSR000EMK	DNase-seq	DNase-seq				Homo sapiens hematopoietic multipotent progenitor cell	hematopoietic multipotent progenitor cell	GEO:GSM1024770,UCSC-ENCODE-hg19:wgEncodeEH001885,SCREEN-GRCh38:hematopoietic_multipotent_progenitor_cell_donor_ENCDO116AAA	DNase-seq on human CD34+ (Mobilized)	John Stamatoyannopoulos, UW	ENCODE	released	/files/ENCFF000AEQ/,/files/ENCFF001CQL/,/files/ENCFF001CQM/,/files/ENCFF001CQN/,/files/ENCFF001CQQ/,/files/ENCFF001CQS/,/files/ENCFF001SQE/,/files/ENCFF001WER/,/files/ENCFF001WES/,/files/ENCFF001CQP/,/files/ENCFF001CQO/,/files/ENCFF378FCS/,/files/ENCFF781YQO/,/files/ENCFF963VPW/,/files/ENCFF737UHL/,/files/ENCFF691KQQ/,/files/ENCFF656SRF/,/files/ENCFF428ENG/,/files/ENCFF570PDT/,/files/ENCFF356YDW/,/files/ENCFF201HVE/,/files/ENCFF950BXT/,/files/ENCFF242IHF/,/files/ENCFF450GDI/,/files/ENCFF578QOB/,/files/ENCFF013RIV/,/files/ENCFF997TZH/,/files/ENCFF309AZS/,/files/ENCFF212FJL/,/files/ENCFF189ICW/,/files/ENCFF942XLQ/,/files/ENCFF663MDB/,/files/ENCFF032QSH/,/files/ENCFF383AUD/,/files/ENCFF274MGW/,/files/ENCFF777BSO/,/files/ENCFF881PDY/,/files/ENCFF721FTM/,/files/ENCFF004LCS/,/files/ENCFF445IFK/,/files/ENCFF113IQU/,/files/ENCFF157SRM/,/files/ENCFF891CNG/,/files/ENCFF212AVI/,/files/ENCFF213GRT/,/files/ENCFF207FYR/,/files/ENCFF653NSH/,/files/ENCFF904FRI/,/files/ENCFF542MDY/,/files/ENCFF650BNR/,/files/ENCFF478PVT/,/files/ENCFF484PHU/,/files/ENCFF123VCS/,/files/ENCFF375UED/,/files/ENCFF121FPZ/,/files/ENCFF597THX/,/files/ENCFF508ANN/,/files/ENCFF666FIJ/,/files/ENCFF624CCK/		ENCBS485ENC	1	1		Homo sapiens	unknown													/replicates/a48a8a95-219a-4733-95e9-750b16b5e303/				
/experiments/ENCSR146KFX/	ENCSR146KFX	DNase-seq	DNase-seq				Homo sapiens astrocyte	astrocyte	GEO:GSE172830		John Stamatoyannopoulos, UW	ENCODE	released	/files/ENCFF149HIK/,/files/ENCFF396LEL/,/files/ENCFF459GXF/,/files/ENCFF391SDB/,/files/ENCFF351XMO/,/files/ENCFF639ETA/,/files/ENCFF682ABL/,/files/ENCFF043YNV/,/files/ENCFF759NCN/,/files/ENCFF334FGD/,/files/ENCFF926MIK/,/files/ENCFF958CZW/,/files/ENCFF746QWU/,/files/ENCFF360YFM/,/files/ENCFF925SPW/,/files/ENCFF760SNA/		ENCBS687IRK	1	1		Homo sapiens	adult	53 years												/replicates/759520da-036b-46ec-a9fe-f0a7881f31ad/				
/experiments/ENCSR000EOP/	ENCSR000EOP	DNase-seq	DNase-seq				Homo sapiens myotube originated from skeletal muscle myoblast	myotube	GEO:GSM736530,UCSC-ENCODE-hg19:wgEncodeEH001186,SCREEN-GRCh38:myotube	DNase-seq on human HSMMtube	John Stamatoyannopoulos, UW	ENCODE	released	/files/ENCFF001DNH/,/files/ENCFF001DNI/,/files/ENCFF001DNJ/,/files/ENCFF001DNK/,/files/ENCFF001DNL/,/files/ENCFF001DNM/,/files/ENCFF001DNN/,/files/ENCFF001DNQ/,/files/ENCFF001DNR/,/files/ENCFF001DOC/,/files/ENCFF001WMV/,/files/ENCFF001WMW/,/files/ENCFF001WMX/,/files/ENCFF001WMY/,/files/ENCFF001DNP/,/files/ENCFF001DNO/,/files/ENCFF585MIL/,/files/ENCFF297SGF/,/files/ENCFF222PWD/,/files/ENCFF595CAV/,/files/ENCFF175EPP/,/files/ENCFF381ASQ/,/files/ENCFF134TNB/,/files/ENCFF026BDV/,/files/ENCFF172SBI/,/files/ENCFF431TKX/,/files/ENCFF309LIW/,/files/ENCFF372TKT/,/files/ENCFF704WQC/,/files/ENCFF155SBP/,/files/ENCFF571YNQ/,/files/ENCFF457HQD/,/files/ENCFF789KJU/,/files/ENCFF854VIP/,/files/ENCFF628PQO/,/files/ENCFF810UPN/,/files/ENCFF052IQO/,/files/ENCFF495NGO/,/files/ENCFF860UEW/,/files/ENCFF508KKW/,/files/ENCFF450GPM/,/files/ENCFF655YDA/,/files/ENCFF034KFE/,/files/ENCFF798WQE/,/files/ENCFF186SRL/,/files/ENCFF338JJZ/,/files/ENCFF684INP/,/files/ENCFF714XRK/,/files/ENCFF827CQJ/,/files/ENCFF288WJR/,/files/ENCFF988RJH/,/files/ENCFF006WWX/,/files/ENCFF869OJP/,/files/ENCFF186DVN/,/files/ENCFF837RUE/,/files/ENCFF254UZN/,/files/ENCFF962MNC/,/files/ENCFF661THJ/,/files/ENCFF995UZK/,/files/ENCFF292XHO/,/files/ENCFF173TWL/,/files/ENCFF676GGR/,/files/ENCFF684FJC/,/files/ENCFF124NWI/,/files/ENCFF544HIB/,/files/ENCFF273NAJ/,/files/ENCFF044PGO/,/files/ENCFF847DLP/,/files/ENCFF714CXG/,/files/ENCFF303SFZ/,/files/ENCFF693LYV/,/files/ENCFF544DEE/,/files/ENCFF718SNV/,/files/ENCFF645NVZ/,/files/ENCFF535CKI/,/files/ENCFF080PCQ/,/files/ENCFF413LTY/,/files/ENCFF837UFR/,/files/ENCFF800PSY/,/files/ENCFF341OKS/,/files/ENCFF462XNN/,/files/ENCFF761KHJ/,/files/ENCFF269FDN/,/files/ENCFF777SGD/,/files/ENCFF297HOD/,/files/ENCFF872ZZF/,/files/ENCFF520KFV/,/files/ENCFF351ABO/,/files/ENCFF009WMK/,/files/ENCFF961KQA/,/files/ENCFF211XOC/,/files/ENCFF806BLV/,/files/ENCFF211DQJ/,/files/ENCFF594BSS/,/files/ENCFF516ZFG/,/files/ENCFF126JLT/,/files/ENCFF731GAW/,/files/ENCFF285QZF/,/files/ENCFF673QBQ/,/files/ENCFF888UNX/,/files/ENCFF850NZL/,/files/ENCFF004MKS/,/files/ENCFF602XAK/,/files/ENCFF532QMO/,/files/ENCFF151AKL/,/files/ENCFF593JMT/,/files/ENCFF864NTB/,/files/ENCFF882BKS/,/files/ENCFF629PVZ/,/files/ENCFF975TMB/,/files/ENCFF610UNA/,/files/ENCFF637JKL/	/reference-epigenomes/ENCSR207AHT/,/reference-epigenomes/ENCSR184WKQ/	ENCBS526ENC,ENCBS236AFP	1,2	1		Homo sapiens	unknown													/replicates/4b0702f8-5079-4013-87d7-53feacd73736/,/replicates/57af3ca0-f97c-4099-992c-f0221ddb272b/				
/experiments/ENCSR963ALV/	ENCSR963ALV	DNase-seq	DNase-seq				Homo sapiens neural progenitor cell originated from H9	neural progenitor cell	GEO:GSE170803,SCREEN-GRCh38:neural_progenitor_cell_originated_from_H9	DNase-seq on 5 day embryonic female human neural progenitor cell	John Stamatoyannopoulos, UW	ENCODE	released	/files/ENCFF983LXZ/,/files/ENCFF607OCD/,/files/ENCFF598JWF/,/files/ENCFF709RNN/,/files/ENCFF443DQU/,/files/ENCFF175IVK/,/files/ENCFF238XOA/,/files/ENCFF525GHV/,/files/ENCFF458DNP/,/files/ENCFF175IJP/,/files/ENCFF234PPZ/,/files/ENCFF163YUY/,/files/ENCFF570TCE/,/files/ENCFF304OUW/,/files/ENCFF219BIC/,/files/ENCFF344WBT/,/files/ENCFF412NKG/,/files/ENCFF484OQF/,/files/ENCFF863KLK/,/files/ENCFF906WXH/,/files/ENCFF389CZW/,/files/ENCFF870YQM/,/files/ENCFF699MIZ/,/files/ENCFF424QTF/,/files/ENCFF524QRI/,/files/ENCFF344QIY/,/files/ENCFF108APO/,/files/ENCFF557DCX/,/files/ENCFF817EJO/,/files/ENCFF494BQM/,/files/ENCFF214CGL/,/files/ENCFF788XHX/,/files/ENCFF720WYN/,/files/ENCFF832JUL/,/files/ENCFF537JAL/,/files/ENCFF077TNH/,/files/ENCFF572AAL/,/files/ENCFF683XUY/,/files/ENCFF958BKF/,/files/ENCFF800OYT/,/files/ENCFF607DQR/,/files/ENCFF230SPN/,/files/ENCFF514OIJ/,/files/ENCFF818JZS/,/files/ENCFF996JWF/,/files/ENCFF226OBW/,/files/ENCFF198NDG/,/files/ENCFF569MQH/,/files/ENCFF690YCI/,/files/ENCFF814WXD/,/files/ENCFF795AUA/,/files/ENCFF853IEJ/,/files/ENCFF054HJF/,/files/ENCFF240KNR/,/files/ENCFF576EAO/,/files/ENCFF420OWC/,/files/ENCFF940IUC/,/files/ENCFF048NZA/,/files/ENCFF096WTV/,/files/ENCFF952WUW/,/files/ENCFF608EIH/,/files/ENCFF832ZAR/,/files/ENCFF900UVZ/,/files/ENCFF492ETT/,/files/ENCFF753LNG/,/files/ENCFF417MBH/,/files/ENCFF220USY/,/files/ENCFF287HWC/,/files/ENCFF399FKQ/,/files/ENCFF455FEH/,/files/ENCFF158SJX/,/files/ENCFF477WJF/,/files/ENCFF712WSI/,/files/ENCFF281RRN/,/files/ENCFF123YLB/,/files/ENCFF179YWZ/,/files/ENCFF516GMI/,/files/ENCFF624HVI/,/files/ENCFF263TAV/,/files/ENCFF994ZSF/,/files/ENCFF286QGB/,/files/ENCFF495HCP/,/files/ENCFF343AWZ/,/files/ENCFF914VXC/,/files/ENCFF908BYQ/,/files/ENCFF890RFG/,/files/ENCFF985JNJ/,/files/ENCFF009DEM/,/files/ENCFF880IPN/,/files/ENCFF566SBV/,/files/ENCFF594SUH/,/files/ENCFF142KTI/,/files/ENCFF701XTA/,/files/ENCFF375EAB/,/files/ENCFF822LYO/,/files/ENCFF502QXW/	/reference-epigenomes/ENCSR372BDU/	ENCBS018TPT,ENCBS044KWE	1,2	1		Homo sapiens	embryonic	5 days												/replicates/66c6f677-226e-4b73-a677-7238efdd8419/,/replicates/dfed38b5-9728-49ba-91f1-59716f567189/				
/experiments/ENCSR714DIF/	ENCSR714DIF	DNase-seq	DNase-seq				Homo sapiens mesendoderm originated from H1	mesendoderm	GEO:GSM909313,GEO:GSM817215,SCREEN-GRCh38:mesendoderm_originated_from_H1-hESC,GEO:GSM817198		John Stamatoyannopoulos, UW	Roadmap	released	/files/ENCFF447LVL/,/files/ENCFF117ERJ/,/files/ENCFF860TSH/,/files/ENCFF514CTP/,/files/ENCFF572UGZ/,/files/ENCFF167XAM/,/files/ENCFF478NGB/,/files/ENCFF904PDW/,/files/ENCFF374WUU/,/files/ENCFF918FRW/,/files/ENCFF302YZQ/,/files/ENCFF727XWF/,/files/ENCFF993ETK/,/files/ENCFF288OPJ/,/files/ENCFF633FAD/,/files/ENCFF940VYO/,/files/ENCFF007BWG/,/files/ENCFF610NNF/,/files/ENCFF097PXO/,/files/ENCFF898HOM/,/files/ENCFF470XCN/,/files/ENCFF456VYF/,/files/ENCFF552RMB/,/files/ENCFF827JNJ/,/files/ENCFF398PHM/,/files/ENCFF007FWN/,/files/ENCFF978QGB/,/files/ENCFF955SLG/,/files/ENCFF310AEL/,/files/ENCFF049BDO/,/files/ENCFF871HZZ/,/files/ENCFF937XAF/,/files/ENCFF140MYY/,/files/ENCFF306LVK/,/files/ENCFF326SHN/,/files/ENCFF476ZZV/,/files/ENCFF197IGW/,/files/ENCFF585KAH/,/files/ENCFF100WFU/,/files/ENCFF549TTA/,/files/ENCFF577EFB/,/files/ENCFF467ECW/,/files/ENCFF686AFV/	/reference-epigenomes/ENCSR880UFN/	ENCBS084NIJ	1	2,3		Homo sapiens	embryonic													/replicates/ec8fa4f0-e0a5-4504-9eed-84cb01525fff/,/replicates/fc63ef23-1bce-4a42-82f4-1b51cb74c5d1/				
/experiments/ENCSR405TXU/	ENCSR405TXU	DNase-seq	DNase-seq				Homo sapiens adipocyte	adipocyte	GEO:GSE90331,SCREEN-GRCh38:adipocyte	DNase-seq on human adipocyte	John Stamatoyannopoulos, UW	ENCODE	released	/files/ENCFF826WKZ/,/files/ENCFF259JBY/,/files/ENCFF364OZL/,/files/ENCFF354IGW/,/files/ENCFF406BHP/,/files/ENCFF084TFZ/,/files/ENCFF782IQK/,/files/ENCFF864VIN/,/files/ENCFF770XQJ/,/files/ENCFF787XNP/,/files/ENCFF154ULO/,/files/ENCFF629XPO/,/files/ENCFF190YVT/,/files/ENCFF035JXL/,/files/ENCFF811MJU/,/files/ENCFF750RRS/,/files/ENCFF513INJ/,/files/ENCFF206PZO/,/files/ENCFF583ACA/,/files/ENCFF284GML/,/files/ENCFF309SMK/,/files/ENCFF317ERO/,/files/ENCFF776YHK/,/files/ENCFF448UQH/,/files/ENCFF486ODJ/,/files/ENCFF063BID/,/files/ENCFF943AES/,/files/ENCFF776GDY/,/files/ENCFF292ZJY/,/files/ENCFF425DVO/,/files/ENCFF974GRH/,/files/ENCFF212LKW/,/files/ENCFF062GGY/,/files/ENCFF484VYX/,/files/ENCFF641AHZ/,/files/ENCFF154LUC/,/files/ENCFF737ZUO/,/files/ENCFF050FNW/,/files/ENCFF697HYV/,/files/ENCFF332BSK/,/files/ENCFF768MVK/,/files/ENCFF226JSH/,/files/ENCFF262KGC/,/files/ENCFF543VAO/,/files/ENCFF965RQL/,/files/ENCFF281ZYE/,/files/ENCFF199BCK/,/files/ENCFF600FLK/,/files/ENCFF484CAY/,/files/ENCFF906MTT/,/files/ENCFF234AXV/,/files/ENCFF141CPZ/,/files/ENCFF838IZL/,/files/ENCFF354FJR/,/files/ENCFF692RQY/,/files/ENCFF345ZLR/,/files/ENCFF526JXS/,/files/ENCFF892FYI/,/files/ENCFF531MYW/,/files/ENCFF248FDL/,/files/ENCFF582JDJ/,/files/ENCFF287RJZ/,/files/ENCFF363KDL/,/files/ENCFF496JZQ/,/files/ENCFF713CBY/,/files/ENCFF460LLH/,/files/ENCFF275XQB/,/files/ENCFF493OWD/,/files/ENCFF849DFP/,/files/ENCFF439BHU/,/files/ENCFF947TRP/,/files/ENCFF403LHJ/,/files/ENCFF326ZOP/,/files/ENCFF776FME/,/files/ENCFF222TID/,/files/ENCFF642EXB/,/files/ENCFF996KAM/,/files/ENCFF777CER/,/files/ENCFF290CGE/,/files/ENCFF329XRS/,/files/ENCFF717LGC/,/files/ENCFF306OLW/,/files/ENCFF432MVT/,/files/ENCFF685DKC/,/files/ENCFF723BNI/,/files/ENCFF942VXT/,/files/ENCFF368ZUB/,/files/ENCFF167RUN/,/files/ENCFF239CCZ/,/files/ENCFF743MUU/,/files/ENCFF097DGX/,/files/ENCFF512CTB/,/files/ENCFF925MHH/,/files/ENCFF720MMS/,/files/ENCFF221VLA/		ENCBS311PRF,ENCBS754GFE	1,2	1		Homo sapiens	unknown													/replicates/d4e1a233-e111-4cf8-bf54-cfa5a3879c9a/,/replicates/29196cbe-d019-463c-9d41-5d73a93675c8/				
/experiments/ENCSR148VUP/	ENCSR148VUP	DNase-seq	DNase-seq				Homo sapiens hematopoietic multipotent progenitor cell treated with interleukin-3 for 4 days, kit ligand for 4 days, hydrocortisone succinate for 4 days, erythropoietin for 4 days	hematopoietic multipotent progenitor cell	GEO:GSE90299,SCREEN-GRCh38:hematopoietic_multipotent_progenitor_cell_treated_with_interleukin-3_kit_ligand_hydrocortisone_succinate_erythropoietin_4_day_treatment	DNase-seq on 25 year old human adult male hematopoietic multipotent progenitor cell line	John Stamatoyannopoulos, UW	ENCODE	released	/files/ENCFF845PMS/,/files/ENCFF276UFY/,/files/ENCFF008URG/,/files/ENCFF736CAO/,/files/ENCFF102LEH/,/files/ENCFF398LVQ/,/files/ENCFF494GDX/,/files/ENCFF912VUV/,/files/ENCFF021EZF/,/files/ENCFF187NKP/,/files/ENCFF506DYP/,/files/ENCFF276CRC/,/files/ENCFF783MQG/,/files/ENCFF221CCJ/,/files/ENCFF224UDY/,/files/ENCFF215DTV/,/files/ENCFF086ZQT/,/files/ENCFF757BME/,/files/ENCFF706PHN/,/files/ENCFF594DYA/,/files/ENCFF535RIZ/,/files/ENCFF487WUJ/,/files/ENCFF950JRR/,/files/ENCFF993GRO/,/files/ENCFF730XEV/,/files/ENCFF595NXS/,/files/ENCFF109GTI/,/files/ENCFF108FPJ/,/files/ENCFF078NKM/,/files/ENCFF042DFD/,/files/ENCFF495SEM/,/files/ENCFF274ESV/,/files/ENCFF606VRY/,/files/ENCFF214UYY/,/files/ENCFF041EZZ/,/files/ENCFF822FIY/,/files/ENCFF482PVT/,/files/ENCFF487XXC/,/files/ENCFF142DPO/,/files/ENCFF522NKB/,/files/ENCFF718ZEK/,/files/ENCFF325BBZ/,/files/ENCFF523NBU/,/files/ENCFF543UOW/,/files/ENCFF732DHA/,/files/ENCFF670ZMD/,/files/ENCFF580OOC/,/files/ENCFF975AGP/,/files/ENCFF319RFF/,/files/ENCFF784VXW/,/files/ENCFF163JVK/,/files/ENCFF253ERQ/,/files/ENCFF921YQB/,/files/ENCFF241UKS/,/files/ENCFF319TNT/,/files/ENCFF868EBS/,/files/ENCFF017LTI/,/files/ENCFF617VYF/,/files/ENCFF054RUB/,/files/ENCFF920NSO/,/files/ENCFF815PSL/,/files/ENCFF438INN/,/files/ENCFF865GXV/,/files/ENCFF453AAB/,/files/ENCFF037XSB/,/files/ENCFF557YQF/,/files/ENCFF115UEY/,/files/ENCFF983QHP/,/files/ENCFF681ZQQ/,/files/ENCFF833WVM/,/files/ENCFF664EMN/,/files/ENCFF887UAM/,/files/ENCFF275BSU/,/files/ENCFF405ZOI/,/files/ENCFF031ZAY/,/files/ENCFF401RGF/,/files/ENCFF106FVU/,/files/ENCFF694WAF/,/files/ENCFF754WKT/,/files/ENCFF238ZML/,/files/ENCFF896RVQ/,/files/ENCFF182LJU/,/files/ENCFF299MRK/,/files/ENCFF640ALQ/,/files/ENCFF943ZHR/,/files/ENCFF780MLZ/,/files/ENCFF187TUB/,/files/ENCFF393ILR/,/files/ENCFF719HVW/,/files/ENCFF940UKE/,/files/ENCFF593FKN/,/files/ENCFF696AVH/,/files/ENCFF087LPE/,/files/ENCFF128AYT/,/files/ENCFF299OPD/,/files/ENCFF313AVG/,/files/ENCFF350SEU/,/files/ENCFF400FPU/,/files/ENCFF052DCQ/,/files/ENCFF851JIG/,/files/ENCFF618JIP/,/files/ENCFF251VPH/,/files/ENCFF356TEH/,/files/ENCFF284MYJ/,/files/ENCFF567UVL/,/files/ENCFF050PVA/,/files/ENCFF215USI/,/files/ENCFF021IBV/,/files/ENCFF527YEA/,/files/ENCFF814LQZ/,/files/ENCFF644AXQ/,/files/ENCFF521QSM/,/files/ENCFF608WXB/,/files/ENCFF643DRH/,/files/ENCFF855MGX/,/files/ENCFF742HDU/,/files/ENCFF770VYS/,/files/ENCFF618RZR/,/files/ENCFF284RCU/,/files/ENCFF829TEM/	/treatment-time-series/ENCSR963OVY/	ENCBS924ALK,ENCBS721DUI	1,2	1		Homo sapiens	adult	25 years	interleukin-3,kit ligand,hydrocortisone succinate,erythropoietin	UniProtKB:P08700,UniProtKB:P21583,CHEBI:31677,CHEBI:81579			4	day						/replicates/69ef7ac4-e8d6-4ad7-a316-410bfc637d99/,/replicates/2c95359a-127d-4469-a669-f0589311f527/				
/experiments/ENCSR420NOA/	ENCSR420NOA	DNase-seq	DNase-seq				Homo sapiens hematopoietic multipotent progenitor cell treated with interleukin-3 for 11 days, kit ligand for 11 days, hydrocortisone succinate for 11 days, erythropoietin for 11 days	hematopoietic multipotent progenitor cell	GEO:GSE90332		John Stamatoyannopoulos, UW	ENCODE	released	/files/ENCFF909EFO/,/files/ENCFF279SCD/,/files/ENCFF513NIQ/,/files/ENCFF376ADI/,/files/ENCFF755BWP/,/files/ENCFF527TQM/,/files/ENCFF132RCS/,/files/ENCFF295MPY/,/files/ENCFF679JKS/,/files/ENCFF042KRH/,/files/ENCFF321DAV/,/files/ENCFF638DTS/,/files/ENCFF818SVT/,/files/ENCFF159JBU/,/files/ENCFF245PCP/,/files/ENCFF965NSY/,/files/ENCFF172KLG/,/files/ENCFF262UCM/,/files/ENCFF104LDS/,/files/ENCFF665QNQ/,/files/ENCFF152CQR/,/files/ENCFF765DPM/,/files/ENCFF770UXQ/,/files/ENCFF027XYE/,/files/ENCFF944MIV/,/files/ENCFF384FOQ/,/files/ENCFF934VSG/,/files/ENCFF271UOJ/,/files/ENCFF741TDI/,/files/ENCFF050GKJ/,/files/ENCFF591QXD/,/files/ENCFF241LZY/,/files/ENCFF282MFF/,/files/ENCFF099CNM/,/files/ENCFF826AMO/,/files/ENCFF928GZJ/,/files/ENCFF295DLK/,/files/ENCFF405GHL/,/files/ENCFF247MDE/,/files/ENCFF878BTF/,/files/ENCFF113XRO/,/files/ENCFF152UPH/,/files/ENCFF122HUG/,/files/ENCFF182JBQ/,/files/ENCFF537RDF/,/files/ENCFF231IHH/,/files/ENCFF375IIZ/,/files/ENCFF593IKN/,/files/ENCFF762FDD/,/files/ENCFF879ANO/,/files/ENCFF304ILL/,/files/ENCFF204KQB/,/files/ENCFF895VUD/,/files/ENCFF991GJY/,/files/ENCFF887AKA/,/files/ENCFF787TMK/,/files/ENCFF559IDD/,/files/ENCFF713YPH/,/files/ENCFF679AWQ/,/files/ENCFF514AKD/,/files/ENCFF563NUU/,/files/ENCFF445TJU/,/files/ENCFF403QFS/,/files/ENCFF413IZH/,/files/ENCFF492UZA/,/files/ENCFF666NCV/,/files/ENCFF355YGK/,/files/ENCFF987XGY/,/files/ENCFF053QZL/,/files/ENCFF044WDW/,/files/ENCFF867XZX/,/files/ENCFF828SON/,/files/ENCFF255IEL/,/files/ENCFF246KTW/,/files/ENCFF028YLW/,/files/ENCFF909DUD/,/files/ENCFF681UKU/,/files/ENCFF856YHV/,/files/ENCFF270PJW/,/files/ENCFF232ONN/,/files/ENCFF744HMP/,/files/ENCFF270WND/,/files/ENCFF120WXJ/,/files/ENCFF870BNA/,/files/ENCFF947OVQ/,/files/ENCFF382RHD/,/files/ENCFF649ZAY/,/files/ENCFF820REL/,/files/ENCFF121CVF/,/files/ENCFF102WBV/,/files/ENCFF552SID/,/files/ENCFF297NOR/,/files/ENCFF061OWE/,/files/ENCFF307GQM/,/files/ENCFF945LRE/,/files/ENCFF599XAW/,/files/ENCFF368XWP/,/files/ENCFF179EFR/,/files/ENCFF111TXB/,/files/ENCFF846LTX/,/files/ENCFF998OUR/,/files/ENCFF516KHK/,/files/ENCFF233FXN/,/files/ENCFF167IDO/,/files/ENCFF042FJO/,/files/ENCFF888TYG/,/files/ENCFF428GNX/,/files/ENCFF593GXE/,/files/ENCFF141FOQ/,/files/ENCFF128NKW/,/files/ENCFF787DMR/,/files/ENCFF520CPN/,/files/ENCFF370LEM/,/files/ENCFF042BJJ/,/files/ENCFF994FGE/,/files/ENCFF887IYC/,/files/ENCFF377CYT/,/files/ENCFF973FCP/,/files/ENCFF948MKT/,/files/ENCFF435JWC/,/files/ENCFF552RNK/,/files/ENCFF978WYJ/,/files/ENCFF818LQF/,/files/ENCFF878PBI/,/files/ENCFF893TZO/,/files/ENCFF015GAE/,/files/ENCFF255ALH/,/files/ENCFF145WEJ/,/files/ENCFF161ZMP/,/files/ENCFF622SOQ/,/files/ENCFF477SZZ/,/files/ENCFF384JNG/,/files/ENCFF213HEH/,/files/ENCFF522PHW/,/files/ENCFF513SDD/,/files/ENCFF737YOK/,/files/ENCFF152PRJ/,/files/ENCFF396JHL/,/files/ENCFF054LAS/,/files/ENCFF598ROT/,/files/ENCFF021PIL/,/files/ENCFF950RIN/,/files/ENCFF746ODB/,/files/ENCFF470QDZ/,/files/ENCFF298WSR/,/files/ENCFF862KES/,/files/ENCFF355SWJ/,/files/ENCFF233AMG/	/treatment-time-series/ENCSR963OVY/	ENCBS013CSB,ENCBS378UXT,ENCBS095TOF	2,1,3	1		Homo sapiens	adult	25 years	interleukin-3,kit ligand,hydrocortisone succinate,erythropoietin	UniProtKB:P08700,UniProtKB:P21583,CHEBI:31677,CHEBI:81579			11	day						/replicates/b81534f6-9f53-442f-b731-fd8e212eccb0/,/replicates/765bd00d-bd67-418b-8976-0f5d9ddb1ff2/,/replicates/7e7856e4-6923-4fa1-86a4-e043ad81205b/				
/experiments/ENCSR937UWI/	ENCSR937UWI	DNase-seq	DNase-seq				Homo sapiens hematopoietic multipotent progenitor cell treated with interleukin-3 for 15 days, kit ligand for 15 days, hydrocortisone succinate for 15 days, erythropoietin for 15 days	hematopoietic multipotent progenitor cell	SCREEN-GRCh38:hematopoietic_multipotent_progenitor_cell_treated_with_interleukin-3_kit_ligand_hydrocortisone_succinate_erythropoietin_15_day_treatment,GEO:GSE90427		John Stamatoyannopoulos, UW	ENCODE	released	/files/ENCFF451XGP/,/files/ENCFF995MSL/,/files/ENCFF348EPI/,/files/ENCFF634VAU/,/files/ENCFF453UOI/,/files/ENCFF037HTQ/,/files/ENCFF767RQX/,/files/ENCFF830JOM/,/files/ENCFF810WZJ/,/files/ENCFF952NNE/,/files/ENCFF653MMA/,/files/ENCFF402FAK/,/files/ENCFF378QWW/,/files/ENCFF920JQK/,/files/ENCFF283XOI/,/files/ENCFF062EPM/,/files/ENCFF369MTB/,/files/ENCFF434GVO/,/files/ENCFF901KPG/,/files/ENCFF528SGL/,/files/ENCFF036FQB/,/files/ENCFF399PFM/,/files/ENCFF317UWJ/,/files/ENCFF446UYO/,/files/ENCFF503FDQ/,/files/ENCFF831QWQ/,/files/ENCFF858JOP/,/files/ENCFF378UGE/,/files/ENCFF149JNY/,/files/ENCFF487EQE/,/files/ENCFF850TQN/,/files/ENCFF665FNA/,/files/ENCFF184RHH/,/files/ENCFF722DKC/,/files/ENCFF054JNM/,/files/ENCFF269RYB/,/files/ENCFF631HFM/,/files/ENCFF192LNW/,/files/ENCFF769TZS/,/files/ENCFF275RNM/,/files/ENCFF897HUG/,/files/ENCFF072SBO/,/files/ENCFF562IIN/,/files/ENCFF329TIA/,/files/ENCFF009ENF/,/files/ENCFF154VJA/,/files/ENCFF755RBR/,/files/ENCFF229MIH/,/files/ENCFF712AWQ/,/files/ENCFF930WAV/,/files/ENCFF770OWM/,/files/ENCFF988URV/,/files/ENCFF874JBU/,/files/ENCFF338VCD/,/files/ENCFF513PYV/,/files/ENCFF310GDR/,/files/ENCFF976OJV/,/files/ENCFF314TXQ/,/files/ENCFF210SQD/,/files/ENCFF907UIY/,/files/ENCFF647ALM/,/files/ENCFF208NJO/,/files/ENCFF498MXW/,/files/ENCFF393DDH/,/files/ENCFF192BPO/,/files/ENCFF536ACF/,/files/ENCFF904RPL/,/files/ENCFF833MSP/,/files/ENCFF922JRZ/,/files/ENCFF347WDX/,/files/ENCFF495PHZ/,/files/ENCFF551DAJ/,/files/ENCFF587DKS/,/files/ENCFF177DUW/,/files/ENCFF472TAE/,/files/ENCFF117JTR/,/files/ENCFF010GBM/,/files/ENCFF333AFO/,/files/ENCFF665LHP/,/files/ENCFF404BKX/,/files/ENCFF313EOH/,/files/ENCFF831YIL/,/files/ENCFF322YXK/,/files/ENCFF783FEB/,/files/ENCFF055PLA/,/files/ENCFF848TME/,/files/ENCFF879UMK/,/files/ENCFF176GKX/,/files/ENCFF297ILR/,/files/ENCFF877DGS/,/files/ENCFF083TTF/,/files/ENCFF891EZJ/,/files/ENCFF868HNP/,/files/ENCFF123XMD/,/files/ENCFF301WIM/	/treatment-time-series/ENCSR963OVY/	ENCBS955LWD,ENCBS854FBC	1,2	1,2		Homo sapiens	adult	25 years	interleukin-3,kit ligand,hydrocortisone succinate,erythropoietin	UniProtKB:P08700,UniProtKB:P21583,CHEBI:31677,CHEBI:81579			15	day						/replicates/53bc5cd6-4627-4b7c-b508-7c304e216618/,/replicates/1b9164b8-9e4a-4efc-a398-3cf70a17c1eb/,/replicates/0f8eced7-3a8d-4d1d-a9b4-14250edbfe38/				
/experiments/ENCSR731QLJ/	ENCSR731QLJ	DNase-seq	DNase-seq				Homo sapiens mesenchymal stem cell originated from H1	mesenchymal stem cell	GEO:GSM906380,GEO:GSM906381,GEO:GSM909314,SCREEN-GRCh38:mesenchymal_stem_cell_originated_from_H1-hESC		John Stamatoyannopoulos, UW	Roadmap	released	/files/ENCFF864ZSR/,/files/ENCFF951RZO/,/files/ENCFF070ZUX/,/files/ENCFF461HXJ/,/files/ENCFF910MZZ/,/files/ENCFF955RTD/,/files/ENCFF349TTK/,/files/ENCFF627NIZ/,/files/ENCFF136KNG/,/files/ENCFF175COB/,/files/ENCFF919YJA/,/files/ENCFF286OCZ/,/files/ENCFF745UXV/,/files/ENCFF730CLO/,/files/ENCFF954CCD/,/files/ENCFF624ZJG/,/files/ENCFF638JZG/,/files/ENCFF209YQR/,/files/ENCFF481WQA/,/files/ENCFF417IQN/,/files/ENCFF594UFP/,/files/ENCFF911JWG/,/files/ENCFF364SEB/,/files/ENCFF650DGF/,/files/ENCFF624VDP/,/files/ENCFF889TJO/,/files/ENCFF496FQJ/,/files/ENCFF368XZY/,/files/ENCFF738QHE/,/files/ENCFF905MSZ/,/files/ENCFF720MUB/,/files/ENCFF555VZO/,/files/ENCFF684GJJ/,/files/ENCFF536PSZ/,/files/ENCFF027NPV/,/files/ENCFF387STL/,/files/ENCFF986OEZ/,/files/ENCFF701GQV/,/files/ENCFF474HCY/,/files/ENCFF969ADC/,/files/ENCFF028HGV/,/files/ENCFF508FYE/,/files/ENCFF778STD/	/reference-epigenomes/ENCSR164GGZ/	ENCBS725VAK	1	1,2,3		Homo sapiens	embryonic													/replicates/a5210a0a-ce64-42c9-a1cb-813f6aec012f/,/replicates/20ddeb7a-9d99-40ae-89ad-4e5e4a0f1151/,/replicates/0a52f47a-adfc-4d76-bc58-5fc2f0938682/				
/experiments/ENCSR328UMC/	ENCSR328UMC	DNase-seq	DNase-seq				Homo sapiens hematopoietic multipotent progenitor cell	hematopoietic multipotent progenitor cell	GEO:GSM817166,SCREEN-GRCh38:hematopoietic_multipotent_progenitor_cell_donor_ENCDO579CCQ		John Stamatoyannopoulos, UW	Roadmap	released	/files/ENCFF634PZR/,/files/ENCFF148GRA/,/files/ENCFF626VVB/,/files/ENCFF165KBY/,/files/ENCFF162EEL/,/files/ENCFF301ZED/,/files/ENCFF519LXY/,/files/ENCFF866SPM/,/files/ENCFF843IAQ/,/files/ENCFF022NXU/,/files/ENCFF786HIG/,/files/ENCFF568PXT/,/files/ENCFF406NNH/,/files/ENCFF166XTQ/,/files/ENCFF700NTG/,/files/ENCFF570XEE/,/files/ENCFF998PQJ/,/files/ENCFF832AUV/,/files/ENCFF403DLB/,/files/ENCFF862GKM/,/files/ENCFF128IGS/,/files/ENCFF382RFA/,/files/ENCFF857CXF/,/files/ENCFF129VEJ/,/files/ENCFF208CUI/,/files/ENCFF064IVL/,/files/ENCFF144TAN/,/files/ENCFF521GHW/,/files/ENCFF238UEL/,/files/ENCFF993CDV/,/files/ENCFF158ALT/,/files/ENCFF059PNY/,/files/ENCFF810TIT/,/files/ENCFF609AYK/,/files/ENCFF523JXS/,/files/ENCFF341GPV/,/files/ENCFF341CPG/,/files/ENCFF185WTB/,/files/ENCFF386VMA/,/files/ENCFF528QXH/,/files/ENCFF435GYT/,/files/ENCFF525IQP/,/files/ENCFF887KYL/,/files/ENCFF353VGF/,/files/ENCFF688ECY/,/files/ENCFF494NDX/,/files/ENCFF266QEC/,/files/ENCFF746MGN/,/files/ENCFF150PBW/,/files/ENCFF567PRD/,/files/ENCFF895BCX/,/files/ENCFF292XIO/,/files/ENCFF372BFM/,/files/ENCFF873MJQ/,/files/ENCFF710CTA/		ENCBS374YBC	1	1		Homo sapiens	adult	34 years												/replicates/73d17d27-09fd-41a8-8379-b2f0c60ea15f/				
/experiments/ENCSR541IET/	ENCSR541IET	DNase-seq	DNase-seq				Homo sapiens endothelial cell	endothelial cell	GEO:GSE187629		John Stamatoyannopoulos, UW	ENCODE	released	/files/ENCFF876WDQ/,/files/ENCFF709UPL/,/files/ENCFF473NBN/,/files/ENCFF280YZH/,/files/ENCFF127FGJ/,/files/ENCFF851FRU/,/files/ENCFF301NQM/,/files/ENCFF110ZVC/,/files/ENCFF131KOV/,/files/ENCFF706PFS/,/files/ENCFF537CMG/,/files/ENCFF672ZIJ/,/files/ENCFF656IIF/,/files/ENCFF271JOQ/,/files/ENCFF261FFZ/,/files/ENCFF636NHG/,/files/ENCFF440QIZ/,/files/ENCFF296GEJ/,/files/ENCFF051FFV/,/files/ENCFF425VEZ/,/files/ENCFF356HKO/,/files/ENCFF780XXB/,/files/ENCFF200IUK/,/files/ENCFF130TQP/,/files/ENCFF203IZC/,/files/ENCFF669OTS/,/files/ENCFF536YKD/,/files/ENCFF697GTT/,/files/ENCFF299GXP/,/files/ENCFF840JHS/,/files/ENCFF552CHG/,/files/ENCFF622TTZ/		ENCBS280HOU,ENCBS080VXQ	1,2	1		Homo sapiens	adult	53 years												/replicates/b5b803f8-7f49-4c49-a70c-4fc9361e17af/,/replicates/0b8b0f1f-8086-4031-b81a-cb21afef461a/				
/experiments/ENCSR169KNO/	ENCSR169KNO	DNase-seq	DNase-seq				Homo sapiens progenitor cell of endocrine pancreas	progenitor cell of endocrine pancreas	GEO:GSE172901		John Stamatoyannopoulos, UW	ENCODE	released	/files/ENCFF326CXZ/,/files/ENCFF451GAM/,/files/ENCFF357NDV/,/files/ENCFF007RTH/,/files/ENCFF865UWE/,/files/ENCFF156CDQ/,/files/ENCFF971MIV/,/files/ENCFF324LUF/,/files/ENCFF159ETH/,/files/ENCFF153KWU/,/files/ENCFF008WMZ/,/files/ENCFF147NYX/,/files/ENCFF925HHD/,/files/ENCFF440PCZ/,/files/ENCFF431LDT/,/files/ENCFF355GBK/		ENCBS103LFA	1	1		Homo sapiens	embryonic	5 days												/replicates/9e2796d9-0bf2-49b4-9e11-146f0a48680c/				
/experiments/ENCSR826URD/	ENCSR826URD	DNase-seq	DNase-seq				Homo sapiens neural crest cell	neural crest cell	GEO:GSE172742		John Stamatoyannopoulos, UW	ENCODE	released	/files/ENCFF280IBV/,/files/ENCFF429ANI/,/files/ENCFF017OBT/,/files/ENCFF217CIJ/,/files/ENCFF689RBD/,/files/ENCFF772QWB/,/files/ENCFF540OUD/,/files/ENCFF205UAA/,/files/ENCFF963RBP/,/files/ENCFF470ZMM/,/files/ENCFF422UXD/,/files/ENCFF275LLQ/,/files/ENCFF418KEM/,/files/ENCFF467LYB/,/files/ENCFF017EYI/,/files/ENCFF403JVA/,/files/ENCFF078TMY/,/files/ENCFF641RWR/,/files/ENCFF401ILH/,/files/ENCFF470PUW/,/files/ENCFF103QUR/,/files/ENCFF916YHM/,/files/ENCFF468BGN/,/files/ENCFF370ZCX/,/files/ENCFF053LGS/,/files/ENCFF528NTL/,/files/ENCFF592CNZ/,/files/ENCFF906HCI/,/files/ENCFF610EXN/,/files/ENCFF266CTC/,/files/ENCFF838KPC/,/files/ENCFF225WAG/,/files/ENCFF305UGC/,/files/ENCFF444FJI/,/files/ENCFF033YEP/,/files/ENCFF990GQT/,/files/ENCFF661CZN/,/files/ENCFF765TNV/,/files/ENCFF969ESB/,/files/ENCFF187LZG/,/files/ENCFF545QEM/,/files/ENCFF595XRT/		ENCBS949IAC,ENCBS949JUO	1,2	1		Homo sapiens	embryonic	5 days												/replicates/410ababc-9690-41e6-9baa-f4cb4d057ac2/,/replicates/6aeebbcb-0d50-48b0-b199-24f8e97e0b77/				
/experiments/ENCSR842KCP/	ENCSR842KCP	DNase-seq	DNase-seq				Homo sapiens cardiac muscle cell originated from RUES2	cardiac muscle cell	SCREEN-GRCh38:cardiac_muscle_cell_primary,GEO:GSE170265		John Stamatoyannopoulos, UW	ENCODE	released	/files/ENCFF694QRE/,/files/ENCFF216NPA/,/files/ENCFF054OJL/,/files/ENCFF646VQJ/,/files/ENCFF792ZGO/,/files/ENCFF114GDD/,/files/ENCFF180PHF/,/files/ENCFF998UGK/,/files/ENCFF406RRC/,/files/ENCFF186LRV/,/files/ENCFF976WRC/,/files/ENCFF228DNQ/,/files/ENCFF857HSM/,/files/ENCFF226JRT/,/files/ENCFF242LGB/,/files/ENCFF206VSW/,/files/ENCFF081PHP/,/files/ENCFF050MRV/,/files/ENCFF727GJW/,/files/ENCFF680WCU/,/files/ENCFF006AMI/,/files/ENCFF114UAS/,/files/ENCFF218JIY/,/files/ENCFF262HIW/,/files/ENCFF362ZCD/,/files/ENCFF931SMP/,/files/ENCFF126PXN/,/files/ENCFF330PNU/,/files/ENCFF415WFZ/,/files/ENCFF900ROC/,/files/ENCFF141PKL/,/files/ENCFF533IRR/,/files/ENCFF769YXR/,/files/ENCFF208OHT/,/files/ENCFF409TIA/,/files/ENCFF851NLS/,/files/ENCFF454UQD/,/files/ENCFF687FOJ/,/files/ENCFF091NZM/,/files/ENCFF274MLZ/,/files/ENCFF268GBB/,/files/ENCFF038JXM/,/files/ENCFF520VZX/,/files/ENCFF150HWX/,/files/ENCFF447FRQ/,/files/ENCFF032IVX/,/files/ENCFF446JBL/,/files/ENCFF358IBG/,/files/ENCFF206FXC/,/files/ENCFF952YYO/,/files/ENCFF122QQV/,/files/ENCFF696WUN/,/files/ENCFF852KZF/,/files/ENCFF724AHX/,/files/ENCFF998YCA/,/files/ENCFF849JFJ/,/files/ENCFF598TIL/,/files/ENCFF418CTB/,/files/ENCFF783QHH/,/files/ENCFF648XPS/,/files/ENCFF730APJ/,/files/ENCFF612LQK/,/files/ENCFF634UPQ/,/files/ENCFF524SHU/,/files/ENCFF818DWS/,/files/ENCFF613ITB/,/files/ENCFF684OFA/,/files/ENCFF793YFI/,/files/ENCFF924RBN/,/files/ENCFF242VYJ/,/files/ENCFF748EMR/	/reference-epigenomes/ENCSR825UNV/	ENCBS806KLM,ENCBS343AKO	2,1	1		Homo sapiens	embryonic													/replicates/d8818cbb-b3bf-48ac-95c2-a93c950b7021/,/replicates/5344dc4f-c8cd-4d02-b596-a57b59a9a34c/				
/experiments/ENCSR166KPV/	ENCSR166KPV	DNase-seq	DNase-seq				Homo sapiens endodermal cell	endodermal cell	SCREEN-GRCh38:endodermal_cell,GEO:GSE170575		John Stamatoyannopoulos, UW	ENCODE	released	/files/ENCFF239NIW/,/files/ENCFF212NIA/,/files/ENCFF209SSK/,/files/ENCFF028OMR/,/files/ENCFF857BTS/,/files/ENCFF168BLX/,/files/ENCFF471GRY/,/files/ENCFF795AAV/,/files/ENCFF988OBT/,/files/ENCFF168NOO/,/files/ENCFF673MLC/,/files/ENCFF363QEV/,/files/ENCFF222SCR/,/files/ENCFF516GCN/,/files/ENCFF897LTY/,/files/ENCFF288YEN/,/files/ENCFF420AUO/,/files/ENCFF073TCP/,/files/ENCFF104WXV/,/files/ENCFF686CZJ/,/files/ENCFF667SWK/,/files/ENCFF602VMH/,/files/ENCFF545TKW/,/files/ENCFF282WAV/,/files/ENCFF099UXO/,/files/ENCFF097SKE/,/files/ENCFF754PQR/,/files/ENCFF296YPN/,/files/ENCFF996MDG/,/files/ENCFF532LIH/,/files/ENCFF500YPK/,/files/ENCFF173CJD/,/files/ENCFF351KIA/,/files/ENCFF131GBV/,/files/ENCFF603RSK/,/files/ENCFF208PJP/,/files/ENCFF329IYX/,/files/ENCFF531QYD/,/files/ENCFF870ANH/,/files/ENCFF217WUK/,/files/ENCFF389OEK/,/files/ENCFF419HKN/,/files/ENCFF106NQV/,/files/ENCFF066OAF/,/files/ENCFF457XBM/,/files/ENCFF598MTS/,/files/ENCFF577AOU/,/files/ENCFF358JQH/,/files/ENCFF812OAW/,/files/ENCFF452WPC/,/files/ENCFF012HRJ/,/files/ENCFF299BLS/,/files/ENCFF286PCX/,/files/ENCFF661EAB/,/files/ENCFF582FBV/,/files/ENCFF664MGU/,/files/ENCFF517GMP/,/files/ENCFF430AKF/,/files/ENCFF107ABM/,/files/ENCFF736FQW/,/files/ENCFF931CJS/,/files/ENCFF313EAR/,/files/ENCFF695WYA/,/files/ENCFF308CYR/,/files/ENCFF480OCC/,/files/ENCFF342NPX/,/files/ENCFF306REM/,/files/ENCFF522NDO/,/files/ENCFF527ZUF/,/files/ENCFF214MEB/,/files/ENCFF048QLU/,/files/ENCFF410YPP/,/files/ENCFF048LQP/,/files/ENCFF493HLZ/,/files/ENCFF579AOS/,/files/ENCFF478HJM/,/files/ENCFF984GYG/,/files/ENCFF390MNY/,/files/ENCFF909KVS/,/files/ENCFF401YMB/,/files/ENCFF257CRL/,/files/ENCFF424RLS/,/files/ENCFF738NTU/,/files/ENCFF441BVT/		ENCBS088TSK,ENCBS835CLB	2,1	1		Homo sapiens	embryonic	5 days												/replicates/c2f7abe8-63f5-465d-9946-d306f6f38b38/,/replicates/8e7a7998-1a85-4d9b-b88e-8fdc9dd3ebfc/				
/experiments/ENCSR224FOA/	ENCSR224FOA	DNase-seq	DNase-seq				Homo sapiens islet precursor cell	islet precursor cell	GEO:GSE169859,SCREEN-GRCh38:islet_precursor_cell		John Stamatoyannopoulos, UW	ENCODE	released	/files/ENCFF845AIM/,/files/ENCFF490AYW/,/files/ENCFF518HIU/,/files/ENCFF507OZA/,/files/ENCFF914TAW/,/files/ENCFF359COL/,/files/ENCFF366HLY/,/files/ENCFF320SVT/,/files/ENCFF071XFN/,/files/ENCFF204YJT/,/files/ENCFF207LMS/,/files/ENCFF145COA/,/files/ENCFF475RJL/,/files/ENCFF147PLF/,/files/ENCFF605UHC/,/files/ENCFF647KPH/,/files/ENCFF593AXW/,/files/ENCFF103OZQ/,/files/ENCFF439DUF/,/files/ENCFF016YWA/,/files/ENCFF398KHD/,/files/ENCFF550DOR/,/files/ENCFF891TEY/,/files/ENCFF317QVU/,/files/ENCFF784QHR/,/files/ENCFF942KNO/,/files/ENCFF452CDX/,/files/ENCFF995TDJ/,/files/ENCFF353HRL/,/files/ENCFF288NAS/,/files/ENCFF585NNI/,/files/ENCFF957MNB/,/files/ENCFF639JCH/,/files/ENCFF471ZTQ/,/files/ENCFF891ICW/,/files/ENCFF320ITX/,/files/ENCFF487MMQ/,/files/ENCFF227NPO/,/files/ENCFF762QQS/,/files/ENCFF951EUQ/,/files/ENCFF403XVR/,/files/ENCFF056SHM/,/files/ENCFF973TVT/,/files/ENCFF038CSS/,/files/ENCFF941NDH/,/files/ENCFF896SYQ/,/files/ENCFF923ODF/,/files/ENCFF781HST/,/files/ENCFF179EVJ/,/files/ENCFF414WMY/,/files/ENCFF126LMN/,/files/ENCFF619ABK/,/files/ENCFF575SAK/,/files/ENCFF878SLH/,/files/ENCFF465BMP/,/files/ENCFF959HFT/,/files/ENCFF714ZLZ/,/files/ENCFF328ESU/,/files/ENCFF718GEK/,/files/ENCFF071OAX/,/files/ENCFF788HRX/,/files/ENCFF015QFY/,/files/ENCFF374LAA/,/files/ENCFF080RXM/,/files/ENCFF462RNO/,/files/ENCFF537FXA/,/files/ENCFF699NZY/,/files/ENCFF840XNM/,/files/ENCFF708NMT/,/files/ENCFF756PDM/		ENCBS587BAO,ENCBS928AKR	1,2	1		Homo sapiens	embryonic	5 days												/replicates/8fb4b31a-c119-42ae-9a11-cd4cb3b01d4c/,/replicates/ba6d1169-4be2-4d40-8bd6-0248bab2ebe0/				
/experiments/ENCSR109RIQ/	ENCSR109RIQ	DNase-seq	DNase-seq				Homo sapiens excitatory neuron nuclear fraction and unspecified fraction	excitatory neuron			John Stamatoyannopoulos, UW	ENCODE	released	/files/ENCFF219TEO/,/files/ENCFF400KEQ/,/files/ENCFF220ESF/,/files/ENCFF285VOM/,/files/ENCFF726CYU/,/files/ENCFF586VQA/,/files/ENCFF368WXB/,/files/ENCFF224ZGA/,/files/ENCFF647NQR/,/files/ENCFF892WBQ/,/files/ENCFF812NDP/,/files/ENCFF925BZO/,/files/ENCFF248RYZ/,/files/ENCFF507XWN/,/files/ENCFF445EHG/,/files/ENCFF872IUQ/,/files/ENCFF579UIZ/,/files/ENCFF446BGZ/,/files/ENCFF108EIS/,/files/ENCFF030WVA/,/files/ENCFF533THH/,/files/ENCFF651SCI/,/files/ENCFF012COT/,/files/ENCFF371AAI/,/files/ENCFF486MRR/,/files/ENCFF721KLM/,/files/ENCFF855DXQ/,/files/ENCFF096BWQ/,/files/ENCFF481NUD/,/files/ENCFF269VAY/,/files/ENCFF047JIZ/,/files/ENCFF521ZBJ/		ENCBS761ZFJ,ENCBS800IAL	1,2	1		Homo sapiens	adult	53 years												/replicates/7cf7a764-4abf-4035-a77f-87abd51663ac/,/replicates/08dd0469-f82c-49d0-b8c8-56636f683d34/		nucleus		
/experiments/ENCSR360XIS/	ENCSR360XIS	DNase-seq	DNase-seq				Homo sapiens ecto neural progenitor cell originated from H9	ecto neural progenitor cell	GEO:GSE170590,SCREEN-GRCh38:ecto_neural_progenitor_cell_originated_from_H9		John Stamatoyannopoulos, UW	ENCODE	released	/files/ENCFF611CBL/,/files/ENCFF885GKF/,/files/ENCFF991DAZ/,/files/ENCFF478YEH/,/files/ENCFF937RBU/,/files/ENCFF106ZDK/,/files/ENCFF093OXF/,/files/ENCFF663RMA/,/files/ENCFF416LGF/,/files/ENCFF095HIQ/,/files/ENCFF939WNT/,/files/ENCFF969RDW/,/files/ENCFF522KTL/,/files/ENCFF377UJU/,/files/ENCFF687MZM/,/files/ENCFF657XJT/,/files/ENCFF945ZMG/,/files/ENCFF361YRW/,/files/ENCFF429VTB/,/files/ENCFF656SMH/,/files/ENCFF935AXT/,/files/ENCFF675RFO/,/files/ENCFF401FIT/,/files/ENCFF909GJU/,/files/ENCFF932KNY/,/files/ENCFF736RIJ/,/files/ENCFF358KJB/,/files/ENCFF359AMS/,/files/ENCFF011QUR/,/files/ENCFF771RCV/,/files/ENCFF248BPK/,/files/ENCFF497IOM/,/files/ENCFF176PYR/,/files/ENCFF572AKG/,/files/ENCFF923EPI/,/files/ENCFF379BUG/,/files/ENCFF884HMI/,/files/ENCFF852GWH/,/files/ENCFF371OMT/,/files/ENCFF157GGC/,/files/ENCFF453BOK/,/files/ENCFF162PAQ/,/files/ENCFF152TDG/,/files/ENCFF051CZK/,/files/ENCFF256LWT/,/files/ENCFF499MQO/		ENCBS752TEN,ENCBS946LBI	2,1	1		Homo sapiens	embryonic	5 days												/replicates/dff698b0-8878-4f2e-bb69-d1fc51f9e4b5/,/replicates/3ff88aa3-7f07-4ecd-ad57-cf5e198843ca/				
